logs/job_GrIS_2019_2200_CW-15301129_ATL03_20190502090550_05210303_006_02-24.log:	   Disk (KB)            : 1094488     8388608   8389632 
logs/job_GrIS_2019_2200_CW-15301129_ATL03_20190502215043_05290305_006_02-41.log:	   Disk (KB)            : 1214417     8388608   8389632 
logs/job_GrIS_2019_2200_CW-15301129_ATL03_20190503084011_05360303_006_02-21.log:	   Disk (KB)            : 1330505     8388608   8397439 
logs/job_GrIS_2019_2200_CW-15301129_ATL03_20190503212504_05440305_006_02-36.log:	   Disk (KB)            : 1350102     8388608   8389632 
logs/job_GrIS_2019_2200_CW-15301129_ATL03_20190507083151_05970303_006_02-22.log:	   Disk (KB)            : 1567468     8388608   8389632 
logs/job_GrIS_2019_2200_CW-15301129_ATL03_20190507211645_06050305_006_02-40.log:	   Disk (KB)            : 1496851     8388608   8390335 
logs/job_GrIS_2019_2200_CW-15301129_ATL03_20190511082331_06580303_006_02-23.log:	   Disk (KB)            : 1250487     8388608   8389632 
logs/job_GrIS_2019_2200_CW-15301129_ATL03_20190511210825_06660305_006_02-42.log:	   Disk (KB)            : 1877781     8388608   8391467 
logs/job_GrIS_2019_2200_CW-15301129_ATL03_20190515081511_07190303_006_02-27.log:	   Disk (KB)            : 1525778     8388608   8389632 
logs/job_GrIS_2019_2200_CW-15301129_ATL03_20190515210004_07270305_006_02-37.log:	   Disk (KB)            : 2301642     8388608   8389632 
logs/job_GrIS_2019_2200_CW-15301129_ATL03_20190519080649_07800303_006_02-25.log:	   Disk (KB)            : 1616273     8388608   8389632 
logs/job_GrIS_2019_2200_CW-15301129_ATL03_20190519205142_07880305_006_02-35.log:	   Disk (KB)            : 2570497     8388608   8389632 
logs/job_GrIS_2019_2200_CW-15301129_ATL03_20190520202602_08030305_006_02-39.log:	   Disk (KB)            : 1145707     8388608   8389632 
logs/job_GrIS_2019_2200_CW-15301129_ATL03_20190523075828_08410303_006_02-30.log:	   Disk (KB)            : 2074343     8388608   8389632 
logs/job_GrIS_2019_2200_CW-15301129_ATL03_20190523204321_08490305_006_02-29.log:	   Disk (KB)            : 1783505     8388608   8389632 
logs/job_GrIS_2019_2200_CW-15301129_ATL03_20190524201742_08640305_006_02-33.log:	   Disk (KB)            : 1430883     8388608   8389632 
logs/job_GrIS_2019_2200_CW-15301129_ATL03_20190527075008_09020303_006_02-31.log:	   Disk (KB)            : 1491740     8388608   8389632 
logs/job_GrIS_2019_2200_CW-15301129_ATL03_20190527203501_09100305_006_02-38.log:	   Disk (KB)            : 1943289     8388608   8996166 
logs/job_GrIS_2019_2200_CW-15301129_ATL03_20190528072429_09170303_006_02-26.log:	   Disk (KB)            : 1239385     8388608   8389632 
logs/job_GrIS_2019_2200_CW-15301129_ATL03_20190528200922_09250305_006_02-32.log:	   Disk (KB)            : 1417079     8388608   8389632 
logs/job_GrIS_2019_2200_CW-15301129_ATL03_20190531074148_09630303_006_02-28.log:	   Disk (KB)            : 1094493     8388608   8389632 
logs/job_GrIS_2019_2200_CW-15301129_ATL03_20190531202641_09710305_006_02-34.log:	   Disk (KB)            : 1299280     8388608   8389632 
logs/job_GrIS_2019_2200_CW-15301129_ATL03_20190601071608_09780303_006_02-44.log:	   Disk (KB)            : 1329511     8388608   8389946 
logs/job_GrIS_2019_2200_CW-15301129_ATL03_20190601200102_09860305_006_02-53.log:	   Disk (KB)            : 1491337     8388608   8464817 
logs/job_GrIS_2019_2200_CW-15301129_ATL03_20190604201821_10320305_006_02-51.log:	   Disk (KB)            :  1094580  8388608   8389936 
logs/job_GrIS_2019_2200_CW-15301129_ATL03_20190605070748_10390303_006_02-50.log:	   Disk (KB)            : 1497197     8388608   8389632 
logs/job_GrIS_2019_2200_CW-15301129_ATL03_20190605195242_10470305_006_02-52.log:	   Disk (KB)            : 1569009     8388608   8431932 
logs/job_GrIS_2019_2200_CW-15301129_ATL03_20190609065929_11000303_006_02-45.log:	   Disk (KB)            : 153183     8388608   8389632 
logs/job_GrIS_2019_2200_CW-15301129_ATL03_20190609065929_11000303_006_02-45.log:	   Disk (KB)            : 1366072     8388608   8389632 
logs/job_GrIS_2019_2200_CW-15301129_ATL03_20190609194422_11080305_006_02-54.log:	   Disk (KB)            : 1464296     8388608   8504568 
logs/job_GrIS_2019_2200_CW-15301129_ATL03_20190613065109_11610303_006_02-43.log:	   Disk (KB)            : 136447     8388608   8389632 
logs/job_GrIS_2019_2200_CW-15301129_ATL03_20190613065109_11610303_006_02-43.log:	   Disk (KB)            : 62210     8388608   8389632 
logs/job_GrIS_2019_2200_CW-15301129_ATL03_20190613065109_11610303_006_02-43.log:	   Disk (KB)            : 67875     8388608   8389632 
logs/job_GrIS_2019_2200_CW-15301129_ATL03_20190613065109_11610303_006_02-43.log:	   Disk (KB)            : 1464713     8388608   8389632 
logs/job_GrIS_2019_2200_CW-15301129_ATL03_20190613193602_11690305_006_02-60.log:	   Disk (KB)            : 2389356     8388608   8389632 
logs/job_GrIS_2019_2200_CW-15301129_ATL03_20190617064249_12220303_006_02-48.log:	   Disk (KB)            : 144417     8388608   8389632 
logs/job_GrIS_2019_2200_CW-15301129_ATL03_20190617064249_12220303_006_02-48.log:	   Disk (KB)            : 1600215     8388608   8389632 
logs/job_GrIS_2019_2200_CW-15301129_ATL03_20190617192743_12300305_006_02-58.log:	   Disk (KB)            : 2264552     8388608   8389632 
logs/job_GrIS_2019_2200_CW-15301129_ATL03_20190618190203_12450305_006_02-56.log:	   Disk (KB)            : 1094494     8388608   8389632 
logs/job_GrIS_2019_2200_CW-15301129_ATL03_20190621063429_12830303_006_02-47.log:	   Disk (KB)            : 172143     8388608   8389632 
logs/job_GrIS_2019_2200_CW-15301129_ATL03_20190621063429_12830303_006_02-47.log:	   Disk (KB)            : 739938     8388608   8397008 
logs/job_GrIS_2019_2200_CW-15301129_ATL03_20190621063429_12830303_006_02-47.log:	   Disk (KB)            : 1636472     8388608   8389632 
logs/job_GrIS_2019_2200_CW-15301129_ATL03_20190621191922_12910305_006_02-57.log:	   Disk (KB)            : 1993201     8388608   8397550 
logs/job_GrIS_2019_2200_CW-15301129_ATL03_20190622185343_13060305_006_02-55.log:	   Disk (KB)            : 1205860     8388608   8389632 
logs/job_GrIS_2019_2200_CW-15301129_ATL03_20190625062608_13440303_006_02-49.log:	   Disk (KB)            : 1371197     8388608   8389632 
logs/job_GrIS_2019_2200_CW-15301129_ATL03_20190625191102_13520305_006_02-59.log:	   Disk (KB)            : 2019425     8388608   8389632 
logs/job_GrIS_2019_2200_CW-15301129_ATL03_20190626060029_13590303_006_02-46.log:	   Disk (KB)            : 1094590     8388608   8403125 
logs/job_GrIS_2019_2200_CW-15301129_ATL03_20190712052659_02160403_006_02-61.log:	   Disk (KB)            : 1417798     8388608   8389632 
logs/job_GrIS_2019_2200_CW-15301129_ATL03_20190712181153_02240405_006_02-68.log:	   Disk (KB)            : 1541284     8388608   8389632 
logs/job_GrIS_2019_2200_CW-15301129_ATL03_20190716051841_02770403_006_02-62.log:	   Disk (KB)            : 1434725     8388608   8389632 
logs/job_GrIS_2019_2200_CW-15301129_ATL03_20190716180335_02850405_006_02-69.log:	   Disk (KB)            : 106325     8388608   8389632 
logs/job_GrIS_2019_2200_CW-15301129_ATL03_20190716180335_02850405_006_02-69.log:	   Disk (KB)            : 2288656     8388608   8389632 
logs/job_GrIS_2019_2200_CW-15301129_ATL03_20190720051023_03380403_006_02-63.log:	   Disk (KB)            : 1304519     8388608   8390289 
logs/job_GrIS_2019_2200_CW-15301129_ATL03_20190720175517_03460405_006_02-71.log:	   Disk (KB)            : 1598753     8388608   8391495 
logs/job_GrIS_2019_2200_CW-15301129_ATL03_20190721172938_03610405_006_02-70.log:	   Disk (KB)            : 1261730     8388608   8391456 
logs/job_GrIS_2019_2200_CW-15301129_ATL03_20190724050206_03990403_006_02-67.log:	   Disk (KB)            : 1305594     8388608   8389632 
logs/job_GrIS_2019_2200_CW-15301129_ATL03_20190724174700_04070405_006_02-74.log:	   Disk (KB)            : 1286438     8388608   8389632 
logs/job_GrIS_2019_2200_CW-15301129_ATL03_20190725043628_04140403_006_02-65.log:	   Disk (KB)            :  1094471  8388608   8389632 
logs/job_GrIS_2019_2200_CW-15301129_ATL03_20190725172121_04220405_006_02-73.log:	   Disk (KB)            : 1312329     8388608   8391467 
logs/job_GrIS_2019_2200_CW-15301129_ATL03_20190728045349_04600403_006_02-66.log:	   Disk (KB)            : 1094479     8388608   8389632 
logs/job_GrIS_2019_2200_CW-15301129_ATL03_20190728173843_04680405_006_02-72.log:	   Disk (KB)            : 1888066     8388608   8389646 
logs/job_GrIS_2019_2200_CW-15301129_ATL03_20190729042810_04750403_006_02-64.log:	   Disk (KB)            : 1198871     8388608   8403125 
logs/job_GrIS_2019_2200_CW-15301129_ATL03_20190729171304_04830405_006_02-75.log:	   Disk (KB)            : 1307334     8388608   8391485 
logs/job_GrIS_2019_2200_CW-15301129_ATL03_20190801044531_05210403_006_02-76.log:	   Disk (KB)            :      100  8388608   8929012 
logs/job_GrIS_2019_2200_CW-15301129_ATL03_20190801044531_05210403_006_02-76.log:	   Disk (KB)            :  1094494  8388608   8389632 
logs/job_GrIS_2019_2200_CW-15301129_ATL03_20190801173024_05290405_006_02-86.log:	   Disk (KB)            : 1195293     8388608   8389632 
logs/job_GrIS_2019_2200_CW-15301129_ATL03_20190802041952_05360403_006_02-78.log:	   Disk (KB)            : 143454     8388608   8389632 
logs/job_GrIS_2019_2200_CW-15301129_ATL03_20190802041952_05360403_006_02-78.log:	   Disk (KB)            : 1285683     8388608   8397570 
logs/job_GrIS_2019_2200_CW-15301129_ATL03_20190802170446_05440405_006_02-87.log:	   Disk (KB)            : 1614285     8388608   8389632 
logs/job_GrIS_2019_2200_CW-15301129_ATL03_20190806041133_05970403_006_02-77.log:	   Disk (KB)            : 74623     8388608   8389632 
logs/job_GrIS_2019_2200_CW-15301129_ATL03_20190806041133_05970403_006_02-77.log:	   Disk (KB)            : 1399934     8388608   8389632 
logs/job_GrIS_2019_2200_CW-15301129_ATL03_20190806165626_06050405_006_02-88.log:	   Disk (KB)            : 1424692     8388608   8427959 
logs/job_GrIS_2019_2200_CW-15301129_ATL03_20190810040312_06580403_006_02-79.log:	   Disk (KB)            : 112896     8388608   8389632 
logs/job_GrIS_2019_2200_CW-15301129_ATL03_20190810040312_06580403_006_02-79.log:	   Disk (KB)            : 1461413     8388608   8389632 
logs/job_GrIS_2019_2200_CW-15301129_ATL03_20190810164806_06660405_006_02-89.log:	   Disk (KB)            : 1856840     8388608   8389632 
logs/job_GrIS_2019_2200_CW-15301129_ATL03_20190814035453_07190403_006_02-80.log:	   Disk (KB)            : 121873     8388608   8389632 
logs/job_GrIS_2019_2200_CW-15301129_ATL03_20190814035453_07190403_006_02-80.log:	   Disk (KB)            :   110117  8388608   8389632 
logs/job_GrIS_2019_2200_CW-15301129_ATL03_20190814035453_07190403_006_02-80.log:	   Disk (KB)            : 46822     8388608   8389632 
logs/job_GrIS_2019_2200_CW-15301129_ATL03_20190814035453_07190403_006_02-80.log:	   Disk (KB)            : 1324461     8388608   8389632 
logs/job_GrIS_2019_2200_CW-15301129_ATL03_20190814163946_07270405_006_02-90.log:	   Disk (KB)            : 2191158     8388608   8389632 
logs/job_GrIS_2019_2200_CW-15301129_ATL03_20190818034635_07800403_006_02-81.log:	   Disk (KB)            : 159313     8388608   8389632 
logs/job_GrIS_2019_2200_CW-15301129_ATL03_20190818034635_07800403_006_02-81.log:	   Disk (KB)            : 65557     8388608   8389632 
logs/job_GrIS_2019_2200_CW-15301129_ATL03_20190818034635_07800403_006_02-81.log:	   Disk (KB)            : 1407621     8388608   8389632 
logs/job_GrIS_2019_2200_CW-15301129_ATL03_20190818163128_07880405_006_02-91.log:	   Disk (KB)            : 2250253     8388608   8389632 
logs/job_GrIS_2019_2200_CW-15301129_ATL03_20190822162310_08490405_006_02-92.log:	   Disk (KB)            : 2237791     8388608   8397008 
logs/job_GrIS_2019_2200_CW-15301129_ATL03_20190823155731_08640405_006_02-93.log:	   Disk (KB)            : 1278250     8388608   8389632 
logs/job_GrIS_2019_2200_CW-15301129_ATL03_20190826032957_09020403_006_02-83.log:	   Disk (KB)            : 1096062     8388608   8389632 
logs/job_GrIS_2019_2200_CW-15301129_ATL03_20190826161450_09100405_006_02-95.log:	   Disk (KB)            : 1696435     8388608   8389632 
logs/job_GrIS_2019_2200_CW-15301129_ATL03_20190827030418_09170403_006_02-82.log:	   Disk (KB)            : 1199336     8388608   8389632 
logs/job_GrIS_2019_2200_CW-15301129_ATL03_20190827154911_09250405_006_02-94.log:	   Disk (KB)            : 1341336     8388608   8397439 
logs/job_GrIS_2019_2200_CW-15301129_ATL03_20190830032137_09630403_006_02-85.log:	   Disk (KB)            :  1094585  8388608   8389632 
logs/job_GrIS_2019_2200_CW-15301129_ATL03_20190830160630_09710405_006_02-96.log:	   Disk (KB)            : 1219241     8388608   8389632 
logs/job_GrIS_2019_2200_CW-15301129_ATL03_20190831025558_09780403_006_02-84.log:	   Disk (KB)            : 1263107     8388608   8389632 
logs/job_GrIS_2019_2200_CW-15301129_ATL03_20190831154051_09860405_006_02-97.log:	   Disk (KB)            : 1455407     8388608   8389632 
logs/job_GrIS_2019_2200_CW-15301129_ATL03_20190903155810_10320405_006_02-8.log:	   Disk (KB)            : 1094582     8388608   8391318 
logs/job_GrIS_2019_2200_CW-15301129_ATL03_20190904024737_10390403_006_02-7.log:	   Disk (KB)            : 1254434     8388608   8403105 
logs/job_GrIS_2019_2200_CW-15301129_ATL03_20190904153231_10470405_006_02-3.log:	   Disk (KB)            : 1536394     8388608   8389632 
logs/job_GrIS_2019_2200_CW-15301129_ATL03_20190908023918_11000403_006_02-1.log:	   Disk (KB)            : 1094504     8388608   8389632 
logs/job_GrIS_2019_2200_CW-15301129_ATL03_20190908152412_11080405_006_02-6.log:	   Disk (KB)            : 480285     8388608   8389632 
logs/job_GrIS_2019_2200_CW-15301129_ATL03_20190908152412_11080405_006_02-6.log:	   Disk (KB)            : 1524244     8388608   8389632 
logs/job_GrIS_2019_2200_CW-15301129_ATL03_20190912023059_11610403_006_02-10.log:	   Disk (KB)            : 146078     8388608   8389632 
logs/job_GrIS_2019_2200_CW-15301129_ATL03_20190912023059_11610403_006_02-10.log:	   Disk (KB)            : 1349431     8388608   8389632 
logs/job_GrIS_2019_2200_CW-15301129_ATL03_20190912151552_11690405_006_02-13.log:	   Disk (KB)            : 2114137     8388608   8390523 
logs/job_GrIS_2019_2200_CW-15301129_ATL03_20190916022239_12220403_006_02-16.log:	   Disk (KB)            : 1227135     8388608   8389632 
logs/job_GrIS_2019_2200_CW-15301129_ATL03_20190916150733_12300405_006_02-0.log:	   Disk (KB)            : 2840950     8388608   8389632 
logs/job_GrIS_2019_2200_CW-15301129_ATL03_20190917144154_12450405_006_02-12.log:	   Disk (KB)            : 1094582     8388608   8389632 
logs/job_GrIS_2019_2200_CW-15301129_ATL03_20190920021420_12830403_006_02-4.log:	   Disk (KB)            : 1521339     8388608   8392182 
logs/job_GrIS_2019_2200_CW-15301129_ATL03_20190921143335_13060405_006_02-15.log:	   Disk (KB)            : 1188703     8388608   8929124 
logs/job_GrIS_2019_2200_CW-15301129_ATL03_20190924020602_13440403_006_02-5.log:	   Disk (KB)            : 1116628     8388608   8389632 
logs/job_GrIS_2019_2200_CW-15301129_ATL03_20190924145056_13520405_006_02-18.log:	   Disk (KB)            : 1714653     8388608   8389632 
logs/job_GrIS_2019_2200_CW-15301129_ATL03_20190925014023_13590403_006_02-9.log:	   Disk (KB)            :  1094587  8388608   8391052 
logs/job_GrIS_2019_2200_CW-15301129_ATL03_20190925142517_13670405_006_02-17.log:	   Disk (KB)            : 1302989     8388608   8389632 
logs/job_GrIS_2019_2200_CW-15301129_ATL03_20190928015743_00180503_006_02-14.log:	   Disk (KB)            : 1094614     8388608   8390289 
logs/job_GrIS_2019_2200_CW-15301129_ATL03_20190928144236_00260505_006_02-20.log:	   Disk (KB)            : 1406748     8388608   8464992 
logs/job_GrIS_2019_2200_CW-15301129_ATL03_20190929013203_00330503_006_02-11.log:	   Disk (KB)            : 1429324     8388608   8929124 
logs/job_GrIS_2019_2200_CW-15301129_ATL03_20190929141656_00410505_006_02-19.log:	   Disk (KB)            : 1322750     8388608   8389632 
logs/job_GrIS_2020_2200_CW-15301129_ATL03_20200501040411_05440705_006_01-130.log:	   Disk (KB)            : 42628     8388608   8389632 
logs/job_GrIS_2020_2200_CW-15301129_ATL03_20200501040411_05440705_006_01-130.log:	   Disk (KB)            : 1302497     8388608   8389632 
logs/job_GrIS_2020_2200_CW-15301129_ATL03_20200505035553_06050705_006_01-131.log:	   Disk (KB)            : 1159213     8388608   8389632 
logs/job_GrIS_2020_2200_CW-15301129_ATL03_20200508150240_06580703_006_01-122.log:	   Disk (KB)            : 88481     8388608   8389632 
logs/job_GrIS_2020_2200_CW-15301129_ATL03_20200508150240_06580703_006_01-122.log:	   Disk (KB)            : 1954005     8388608   8389632 
logs/job_GrIS_2020_2200_CW-15301129_ATL03_20200509034734_06660705_006_01-132.log:	   Disk (KB)            : 1200256     8388608   8389654 
logs/job_GrIS_2020_2200_CW-15301129_ATL03_20200512145421_07190703_006_01-123.log:	   Disk (KB)            : 105921     8388608   8389632 
logs/job_GrIS_2020_2200_CW-15301129_ATL03_20200512145421_07190703_006_01-123.log:	   Disk (KB)            : 56834     8388608   8389632 
logs/job_GrIS_2020_2200_CW-15301129_ATL03_20200512145421_07190703_006_01-123.log:	   Disk (KB)            : 1978761     8388608   8389632 
logs/job_GrIS_2020_2200_CW-15301129_ATL03_20200513033914_07270705_006_01-133.log:	   Disk (KB)            : 1328124     8388608   8389632 
logs/job_GrIS_2020_2200_CW-15301129_ATL03_20200517033055_07880705_006_01-134.log:	   Disk (KB)            :   146350  8388608   8389632 
logs/job_GrIS_2020_2200_CW-15301129_ATL03_20200517033055_07880705_006_01-134.log:	   Disk (KB)            : 1435761     8388608   8389632 
logs/job_GrIS_2020_2200_CW-15301129_ATL03_20200518030516_08030705_006_01-136.log:	   Disk (KB)            : 1176834     8388608   8389632 
logs/job_GrIS_2020_2200_CW-15301129_ATL03_20200521032236_08490705_006_01-135.log:	   Disk (KB)            : 1266419     8388608   8389632 
logs/job_GrIS_2020_2200_CW-15301129_ATL03_20200522025656_08640705_006_01-137.log:	   Disk (KB)            : 1094601     8388608   8389632 
logs/job_GrIS_2020_2200_CW-15301129_ATL03_20200524142922_09020703_006_01-127.log:	   Disk (KB)            : 2415678     8388608   8391052 
logs/job_GrIS_2020_2200_CW-15301129_ATL03_20200525031415_09100705_006_01-140.log:	   Disk (KB)            : 1192994     8388608   8389632 
logs/job_GrIS_2020_2200_CW-15301129_ATL03_20200525140342_09170703_006_01-125.log:	   Disk (KB)            : 152481     8388608   8389632 
logs/job_GrIS_2020_2200_CW-15301129_ATL03_20200525140342_09170703_006_01-125.log:	   Disk (KB)            : 1521324     8388608   8397570 
logs/job_GrIS_2020_2200_CW-15301129_ATL03_20200526024835_09250705_006_01-138.log:	   Disk (KB)            : 1169179     8388608   8389632 
logs/job_GrIS_2020_2200_CW-15301129_ATL03_20200528142101_09630703_006_01-129.log:	   Disk (KB)            : 1225022     8388608   8389632 
logs/job_GrIS_2020_2200_CW-15301129_ATL03_20200529030555_09710705_006_01-139.log:	   Disk (KB)            : 1094588     8388608   8389632 
logs/job_GrIS_2020_2200_CW-15301129_ATL03_20200529135522_09780703_006_01-128.log:	   Disk (KB)            : 1375853     8388608   8389936 
logs/job_GrIS_2020_2200_CW-15301129_ATL03_20200530024016_09860705_006_01-141.log:	   Disk (KB)            : 1244639     8388608   8389632 
logs/job_GrIS_2020_2200_CW-15301129_ATL03_20200602025735_10320705_006_01-149.log:	   Disk (KB)            :  1094492  8388608   8389632 
logs/job_GrIS_2020_2200_CW-15301129_ATL03_20200602134702_10390703_006_01-154.log:	   Disk (KB)            : 1614685     8388608   8389632 
logs/job_GrIS_2020_2200_CW-15301129_ATL03_20200603023155_10470705_006_01-150.log:	   Disk (KB)            :  1094500  8388608   8389632 
logs/job_GrIS_2020_2200_CW-15301129_ATL03_20200606133842_11000703_006_01-158.log:	   Disk (KB)            : 1703829     8388608   8389632 
logs/job_GrIS_2020_2200_CW-15301129_ATL03_20200607022335_11080705_006_01-153.log:	   Disk (KB)            : 1141534     8388608   8397570 
logs/job_GrIS_2020_2200_CW-15301129_ATL03_20200610133021_11610703_006_01-157.log:	   Disk (KB)            : 2196827     8388608   8389632 
logs/job_GrIS_2020_2200_CW-15301129_ATL03_20200611021514_11690705_006_01-151.log:	   Disk (KB)            : 1191900     8388608   8397550 
logs/job_GrIS_2020_2200_CW-15301129_ATL03_20200614132201_12220703_006_01-159.log:	   Disk (KB)            :  2249288  8388608   8389632 
logs/job_GrIS_2020_2200_CW-15301129_ATL03_20200615020654_12300705_006_01-142.log:	   Disk (KB)            : 1298458     8388608   8389632 
logs/job_GrIS_2020_2200_CW-15301129_ATL03_20200616014115_12450705_006_01-143.log:	   Disk (KB)            : 1094493     8388608   8389632 
logs/job_GrIS_2020_2200_CW-15301129_ATL03_20200618131341_12830703_006_01-160.log:	   Disk (KB)            : 3702659     8388608   8389632 
logs/job_GrIS_2020_2200_CW-15301129_ATL03_20200619015835_12910705_006_01-148.log:	   Disk (KB)            : 1447439     8388608   8389632 
logs/job_GrIS_2020_2200_CW-15301129_ATL03_20200620013256_13060705_006_01-144.log:	   Disk (KB)            : 1148830     8388608   8397243 
logs/job_GrIS_2020_2200_CW-15301129_ATL03_20200622130522_13440703_006_01-161.log:	   Disk (KB)            : 2613401     8388608   8389632 
logs/job_GrIS_2020_2200_CW-15301129_ATL03_20200623015015_13520705_006_01-145.log:	   Disk (KB)            : 1286602     8388608   8389632 
logs/job_GrIS_2020_2200_CW-15301129_ATL03_20200623123943_13590703_006_01-155.log:	   Disk (KB)            : 1177871     8388608   8389632 
logs/job_GrIS_2020_2200_CW-15301129_ATL03_20200624012436_13670705_006_01-152.log:	   Disk (KB)            :  1135010  8388608   8389632 
logs/job_GrIS_2020_2200_CW-15301129_ATL03_20200626125702_00180803_006_01-162.log:	   Disk (KB)            : 1377438     8388608   8389632 
logs/job_GrIS_2020_2200_CW-15301129_ATL03_20200627014155_00260805_006_01-147.log:	   Disk (KB)            : 1262552     8388608   8389632 
logs/job_GrIS_2020_2200_CW-15301129_ATL03_20200627123123_00330803_006_01-156.log:	   Disk (KB)            : 1454122     8388608   8389632 
logs/job_GrIS_2020_2200_CW-15301129_ATL03_20200628011616_00410805_006_01-146.log:	   Disk (KB)            : 1637757     8388608   8389632 
logs/job_GrIS_2020_2200_CW-15301129_ATL03_20200701013336_00870805_006_01-175.log:	   Disk (KB)            :  1094597  8388608   8389632 
logs/job_GrIS_2020_2200_CW-15301129_ATL03_20200701122303_00940803_006_01-164.log:	   Disk (KB)            : 1579073     8388608   8389632 
logs/job_GrIS_2020_2200_CW-15301129_ATL03_20200702010756_01020805_006_01-174.log:	   Disk (KB)            : 1538835     8388608   8397570 
logs/job_GrIS_2020_2200_CW-15301129_ATL03_20200705121441_01550803_006_01-163.log:	   Disk (KB)            : 1485601     8388608   8389632 
logs/job_GrIS_2020_2200_CW-15301129_ATL03_20200706005932_01630805_006_01-181.log:	   Disk (KB)            : 1340213     8388608   8389632 
logs/job_GrIS_2020_2200_CW-15301129_ATL03_20200709120621_02160803_006_01-165.log:	   Disk (KB)            : 1806750     8388608   8389632 
logs/job_GrIS_2020_2200_CW-15301129_ATL03_20200710005115_02240805_006_01-182.log:	   Disk (KB)            : 1190556     8388608   8389632 
logs/job_GrIS_2020_2200_CW-15301129_ATL03_20200713115804_02770803_006_01-166.log:	   Disk (KB)            : 2090378     8388608   8389632 
logs/job_GrIS_2020_2200_CW-15301129_ATL03_20200714004257_02850805_006_01-180.log:	   Disk (KB)            : 1389358     8388608   8391349 
logs/job_GrIS_2020_2200_CW-15301129_ATL03_20200717114945_03380803_006_01-168.log:	   Disk (KB)            : 2809613     8388608   8397570 
logs/job_GrIS_2020_2200_CW-15301129_ATL03_20200718003439_03460805_006_01-179.log:	   Disk (KB)            : 1516058     8388608   8389632 
logs/job_GrIS_2020_2200_CW-15301129_ATL03_20200719000900_03610805_006_01-178.log:	   Disk (KB)            : 1204020     8388608   8389632 
logs/job_GrIS_2020_2200_CW-15301129_ATL03_20200721114126_03990803_006_01-171.log:	   Disk (KB)            : 2312841     8388608   8389632 
logs/job_GrIS_2020_2200_CW-15301129_ATL03_20200722002619_04070805_006_01-176.log:	   Disk (KB)            : 1310822     8388608   8389632 
logs/job_GrIS_2020_2200_CW-15301129_ATL03_20200722111546_04140803_006_01-167.log:	   Disk (KB)            : 1094596     8388608   8389632 
logs/job_GrIS_2020_2200_CW-15301129_ATL03_20200723000040_04220805_006_01-177.log:	   Disk (KB)            : 1219930     8388608   8389632 
logs/job_GrIS_2020_2200_CW-15301129_ATL03_20200725113304_04600803_006_01-169.log:	   Disk (KB)            : 1759630     8388608   8397550 
logs/job_GrIS_2020_2200_CW-15301129_ATL03_20200726001759_04680805_006_01-185.log:	   Disk (KB)            : 1232659     8388608   8929155 
logs/job_GrIS_2020_2200_CW-15301129_ATL03_20200726110727_04750803_006_01-170.log:	   Disk (KB)            : 1255855     8388608   8389632 
logs/job_GrIS_2020_2200_CW-15301129_ATL03_20200726235220_04830805_006_01-186.log:	   Disk (KB)            : 1135668     8388608   8929140 
logs/job_GrIS_2020_2200_CW-15301129_ATL03_20200729112446_05210803_006_01-173.log:	   Disk (KB)            :  1094594  8388608   8389632 
logs/job_GrIS_2020_2200_CW-15301129_ATL03_20200730000939_05290805_006_01-183.log:	   Disk (KB)            :  1137147  8388608   8391495 
logs/job_GrIS_2020_2200_CW-15301129_ATL03_20200730105906_05360803_006_01-172.log:	   Disk (KB)            : 1353963     8388608   8389632 
logs/job_GrIS_2020_2200_CW-15301129_ATL03_20200730234400_05440805_006_01-184.log:	   Disk (KB)            : 1163162     8388608   8929124 
logs/job_GrIS_2020_2200_CW-15301129_ATL03_20200803105046_05970803_006_01-187.log:	   Disk (KB)            : 1561399     8388608   8929139 
logs/job_GrIS_2020_2200_CW-15301129_ATL03_20200803233539_06050805_006_01-196.log:	   Disk (KB)            : 1166779     8388608   8389632 
logs/job_GrIS_2020_2200_CW-15301129_ATL03_20200807104225_06580803_006_01-191.log:	   Disk (KB)            : 1345932     8388608   8389632 
logs/job_GrIS_2020_2200_CW-15301129_ATL03_20200807232719_06660805_006_01-197.log:	   Disk (KB)            : 1178529     8388608   8389632 
logs/job_GrIS_2020_2200_CW-15301129_ATL03_20200811103406_07190803_006_01-193.log:	   Disk (KB)            : 1544217     8388608   8389632 
logs/job_GrIS_2020_2200_CW-15301129_ATL03_20200811231859_07270805_006_01-205.log:	   Disk (KB)            : 1710999     8388608   8389632 
logs/job_GrIS_2020_2200_CW-15301129_ATL03_20200815102547_07800803_006_01-189.log:	   Disk (KB)            : 132926     8388608   8389632 
logs/job_GrIS_2020_2200_CW-15301129_ATL03_20200815102547_07800803_006_01-189.log:	   Disk (KB)            : 56933     8388608   8389632 
logs/job_GrIS_2020_2200_CW-15301129_ATL03_20200815102547_07800803_006_01-189.log:	   Disk (KB)            : 2236518     8388608   8389632 
logs/job_GrIS_2020_2200_CW-15301129_ATL03_20200815231040_07880805_006_01-198.log:	   Disk (KB)            : 1414800     8388608   8427198 
logs/job_GrIS_2020_2200_CW-15301129_ATL03_20200816224501_08030805_006_01-199.log:	   Disk (KB)            : 1181406     8388608   8464992 
logs/job_GrIS_2020_2200_CW-15301129_ATL03_20200819101727_08410803_006_01-188.log:	   Disk (KB)            : 121231     8388608   8389632 
logs/job_GrIS_2020_2200_CW-15301129_ATL03_20200819101727_08410803_006_01-188.log:	   Disk (KB)            : 754277     8388608   8389632 
logs/job_GrIS_2020_2200_CW-15301129_ATL03_20200819230220_08490805_006_01-207.log:	   Disk (KB)            : 1307797     8388608   8389632 
logs/job_GrIS_2020_2200_CW-15301129_ATL03_20200820223641_08640805_006_01-203.log:	   Disk (KB)            : 1225597     8388608   8389632 
logs/job_GrIS_2020_2200_CW-15301129_ATL03_20200823100907_09020803_006_01-190.log:	   Disk (KB)            : 125025     8388608   8389632 
logs/job_GrIS_2020_2200_CW-15301129_ATL03_20200823100907_09020803_006_01-190.log:	   Disk (KB)            : 1341248     8388608   8389632 
logs/job_GrIS_2020_2200_CW-15301129_ATL03_20200823225401_09100805_006_01-201.log:	   Disk (KB)            : 1239067     8388608   8389632 
logs/job_GrIS_2020_2200_CW-15301129_ATL03_20200824094328_09170803_006_01-192.log:	   Disk (KB)            : 1263581     8388608   8389632 
logs/job_GrIS_2020_2200_CW-15301129_ATL03_20200824222822_09250805_006_01-204.log:	   Disk (KB)            : 1254501     8388608   8389632 
logs/job_GrIS_2020_2200_CW-15301129_ATL03_20200827100048_09630803_006_01-194.log:	   Disk (KB)            :  1094584  8388608   8389632 
logs/job_GrIS_2020_2200_CW-15301129_ATL03_20200827224541_09710805_006_01-206.log:	   Disk (KB)            : 1094495     8388608   8389632 
logs/job_GrIS_2020_2200_CW-15301129_ATL03_20200828093509_09780803_006_01-195.log:	   Disk (KB)            : 1414513     8388608   8391325 
logs/job_GrIS_2020_2200_CW-15301129_ATL03_20200828222002_09860805_006_01-202.log:	   Disk (KB)            : 1259580     8388608   8397243 
logs/job_GrIS_2020_2200_CW-15301129_ATL03_20200831223721_10320805_006_01-200.log:	   Disk (KB)            : 1094492     8388608   8389632 
logs/job_GrIS_2020_2200_CW-15301129_ATL03_20200901092648_10390803_006_02-117.log:	   Disk (KB)            : 1176442     8388608   8389632 
logs/job_GrIS_2020_2200_CW-15301129_ATL03_20200901221141_10470805_006_02-99.log:	   Disk (KB)            : 1251621     8388608   8389632 
logs/job_GrIS_2020_2200_CW-15301129_ATL03_20200905091828_11000803_006_02-118.log:	   Disk (KB)            : 151905     8388608   8389632 
logs/job_GrIS_2020_2200_CW-15301129_ATL03_20200905091828_11000803_006_02-118.log:	   Disk (KB)            : 643685     8388608   8389632 
logs/job_GrIS_2020_2200_CW-15301129_ATL03_20200905091828_11000803_006_02-118.log:	   Disk (KB)            : 1246435     8388608   8389632 
logs/job_GrIS_2020_2200_CW-15301129_ATL03_20200905220321_11080805_006_02-113.log:	   Disk (KB)            : 1094591     8388608   8389632 
logs/job_GrIS_2020_2200_CW-15301129_ATL03_20200909091009_11610803_006_02-104.log:	   Disk (KB)            : 1448683     8388608   8389632 
logs/job_GrIS_2020_2200_CW-15301129_ATL03_20200913090149_12220803_006_02-102.log:	   Disk (KB)            : 1398917     8388608   8389632 
logs/job_GrIS_2020_2200_CW-15301129_ATL03_20200913214643_12300805_006_02-114.log:	   Disk (KB)            : 105616     8388608   8389632 
logs/job_GrIS_2020_2200_CW-15301129_ATL03_20200913214643_12300805_006_02-114.log:	   Disk (KB)            : 1587733     8388608   8389632 
logs/job_GrIS_2020_2200_CW-15301129_ATL03_20200914212103_12450805_006_02-100.log:	   Disk (KB)            : 1094492     8388608   8389632 
logs/job_GrIS_2020_2200_CW-15301129_ATL03_20200917085329_12830803_006_02-106.log:	   Disk (KB)            : 1218335     8388608   8389632 
logs/job_GrIS_2020_2200_CW-15301129_ATL03_20200917213822_12910805_006_02-109.log:	   Disk (KB)            : 1094503     8388608   8397439 
logs/job_GrIS_2020_2200_CW-15301129_ATL03_20200918211243_13060805_006_02-110.log:	   Disk (KB)            : 1094589     8388608   8389632 
logs/job_GrIS_2020_2200_CW-15301129_ATL03_20200921084510_13440803_006_02-111.log:	   Disk (KB)            : 125697     8388608   8389632 
logs/job_GrIS_2020_2200_CW-15301129_ATL03_20200921084510_13440803_006_02-111.log:	   Disk (KB)            : 1122897     8388608   8389632 
logs/job_GrIS_2020_2200_CW-15301129_ATL03_20200921213003_13520805_006_02-107.log:	   Disk (KB)            : 1164370     8388608   8389632 
logs/job_GrIS_2020_2200_CW-15301129_ATL03_20200922081931_13590803_006_02-105.log:	   Disk (KB)            : 1149051     8388608   8389632 
logs/job_GrIS_2020_2200_CW-15301129_ATL03_20200922210424_13670805_006_02-119.log:	   Disk (KB)            : 103361     8388608   8389632 
logs/job_GrIS_2020_2200_CW-15301129_ATL03_20200922210424_13670805_006_02-119.log:	   Disk (KB)            : 1142231     8388608   8403125 
logs/job_GrIS_2020_2200_CW-15301129_ATL03_20200925083651_00180903_006_02-115.log:	   Disk (KB)            : 135198     8388608   8389632 
logs/job_GrIS_2020_2200_CW-15301129_ATL03_20200925083651_00180903_006_02-115.log:	   Disk (KB)            : 1114381     8388608   9329425 
logs/job_GrIS_2020_2200_CW-15301129_ATL03_20200925212145_00260905_006_02-101.log:	   Disk (KB)            :  1094495  8388608   8389632 
logs/job_GrIS_2020_2200_CW-15301129_ATL03_20200926081112_00330903_006_02-120.log:	   Disk (KB)            : 118128     8388608   8389632 
logs/job_GrIS_2020_2200_CW-15301129_ATL03_20200926081112_00330903_006_02-120.log:	   Disk (KB)            : 780917     8388608   8929124 
logs/job_GrIS_2020_2200_CW-15301129_ATL03_20200926081112_00330903_006_02-120.log:	   Disk (KB)            : 1094567     8388608   8389632 
logs/job_GrIS_2020_2200_CW-15301129_ATL03_20200926205605_00410905_006_02-98.log:	   Disk (KB)            : 1095065     8388608   8389632 
logs/job_GrIS_2020_2200_CW-15301129_ATL03_20200929211324_00870905_006_02-103.log:	   Disk (KB)            :  1094492  8388608   8389632 
logs/job_GrIS_2020_2200_CW-15301129_ATL03_20200930080248_00940903_006_02-116.log:	   Disk (KB)            : 122369     8388608   8389632 
logs/job_GrIS_2020_2200_CW-15301129_ATL03_20200930080248_00940903_006_02-116.log:	   Disk (KB)            : 62713     8388608   8389632 
logs/job_GrIS_2020_2200_CW-15301129_ATL03_20200930080248_00940903_006_02-116.log:	   Disk (KB)            : 1230656     8388608   8389632 
logs/job_GrIS_2020_2200_CW-15301129_ATL03_20200930204740_01020905_006_02-108.log:	   Disk (KB)            : 1290791     8388608   8389632 
logs/job_GrIS_2021_2200_CW-15301129_ATL03_20210502215019_05971103_006_01-229.log:	   Disk (KB)            : 1425883     8388608   8389632 
logs/job_GrIS_2021_2200_CW-15301129_ATL03_20210503103512_06051105_006_01-239.log:	   Disk (KB)            : 1498089     8388608   8389632 
logs/job_GrIS_2021_2200_CW-15301129_ATL03_20210506214200_06581103_006_01-230.log:	   Disk (KB)            : 2027019     8388608   8389632 
logs/job_GrIS_2021_2200_CW-15301129_ATL03_20210507102653_06661105_006_01-238.log:	   Disk (KB)            : 81105     8388608   8389632 
logs/job_GrIS_2021_2200_CW-15301129_ATL03_20210507102653_06661105_006_01-238.log:	   Disk (KB)            : 100000     8388608   8453157 
logs/job_GrIS_2021_2200_CW-15301129_ATL03_20210507102653_06661105_006_01-238.log:	   Disk (KB)            : 74072     8388608   8389632 
logs/job_GrIS_2021_2200_CW-15301129_ATL03_20210507102653_06661105_006_01-238.log:	   Disk (KB)            : 1997333     8388608   8389632 
logs/job_GrIS_2021_2200_CW-15301129_ATL03_20210510213341_07191103_006_01-228.log:	   Disk (KB)            : 1497606     8388608   8389632 
logs/job_GrIS_2021_2200_CW-15301129_ATL03_20210511101834_07271105_006_01-243.log:	   Disk (KB)            : 2349771     8388608   8389632 
logs/job_GrIS_2021_2200_CW-15301129_ATL03_20210514212522_07801103_006_01-231.log:	   Disk (KB)            : 2039039     8388608   8389632 
logs/job_GrIS_2021_2200_CW-15301129_ATL03_20210515101015_07881105_006_01-241.log:	   Disk (KB)            : 2600488     8388608   8389632 
logs/job_GrIS_2021_2200_CW-15301129_ATL03_20210516094435_08031105_006_01-240.log:	   Disk (KB)            : 1229533     8388608   8389632 
logs/job_GrIS_2021_2200_CW-15301129_ATL03_20210518211701_08411103_006_01-233.log:	   Disk (KB)            : 3385905     8388608   8389632 
logs/job_GrIS_2021_2200_CW-15301129_ATL03_20210519100155_08491105_006_01-242.log:	   Disk (KB)            : 1867659     8388608   8389632 
logs/job_GrIS_2021_2200_CW-15301129_ATL03_20210520093615_08641105_006_01-246.log:	   Disk (KB)            : 1204734     8388608   8389632 
logs/job_GrIS_2021_2200_CW-15301129_ATL03_20210522210842_09021103_006_01-232.log:	   Disk (KB)            : 1933337     8388608   8389632 
logs/job_GrIS_2021_2200_CW-15301129_ATL03_20210523095335_09101105_006_01-245.log:	   Disk (KB)            : 1709993     8388608   8389632 
logs/job_GrIS_2021_2200_CW-15301129_ATL03_20210523204302_09171103_006_01-235.log:	   Disk (KB)            : 1380741     8388608   8389632 
logs/job_GrIS_2021_2200_CW-15301129_ATL03_20210524092756_09251105_006_01-244.log:	   Disk (KB)            : 1243900     8388608   8389632 
logs/job_GrIS_2021_2200_CW-15301129_ATL03_20210526210022_09631103_006_01-234.log:	   Disk (KB)            : 1094585     8388608   8389632 
logs/job_GrIS_2021_2200_CW-15301129_ATL03_20210527094515_09711105_006_01-248.log:	   Disk (KB)            : 1312452     8388608   8389632 
logs/job_GrIS_2021_2200_CW-15301129_ATL03_20210527203442_09781103_006_01-236.log:	   Disk (KB)            : 1342291     8388608   8389632 
logs/job_GrIS_2021_2200_CW-15301129_ATL03_20210528091935_09861105_006_01-247.log:	   Disk (KB)            : 1526660     8388608   8389632 
logs/job_GrIS_2021_2200_CW-15301129_ATL03_20210531093655_10321105_006_01-249.log:	   Disk (KB)            : 1094581     8388608   8389632 
logs/job_GrIS_2021_2200_CW-15301129_ATL03_20210531202623_10391103_006_01-237.log:	   Disk (KB)            : 1419924     8388608   8389632 
logs/job_GrIS_2021_2200_CW-15301129_ATL03_20210601091116_10471105_006_01-259.log:	   Disk (KB)            : 1339324     8388608   8389632 
logs/job_GrIS_2021_2200_CW-15301129_ATL03_20210604201803_11001103_006_01-250.log:	   Disk (KB)            : 1713401     8388608   8389632 
logs/job_GrIS_2021_2200_CW-15301129_ATL03_20210605090256_11081105_006_01-260.log:	   Disk (KB)            : 1518074     8388608   8389632 
logs/job_GrIS_2021_2200_CW-15301129_ATL03_20210608200944_11611103_006_01-252.log:	   Disk (KB)            : 2229893     8388608   8389632 
logs/job_GrIS_2021_2200_CW-15301129_ATL03_20210609085437_11691105_006_01-261.log:	   Disk (KB)            : 2022275     8388608   8389632 
logs/job_GrIS_2021_2200_CW-15301129_ATL03_20210612200124_12221103_006_01-255.log:	   Disk (KB)            : 2818417     8388608   8389632 
logs/job_GrIS_2021_2200_CW-15301129_ATL03_20210613084617_12301105_006_01-263.log:	   Disk (KB)            : 2439432     8388608   8389632 
logs/job_GrIS_2021_2200_CW-15301129_ATL03_20210614082038_12451105_006_01-264.log:	   Disk (KB)            : 1094585     8388608   8389632 
logs/job_GrIS_2021_2200_CW-15301129_ATL03_20210616195304_12831103_006_01-253.log:	   Disk (KB)            : 4525165     8388608   8389632 
logs/job_GrIS_2021_2200_CW-15301129_ATL03_20210617083757_12911105_006_01-269.log:	   Disk (KB)            : 1950708     8388608   8389632 
logs/job_GrIS_2021_2200_CW-15301129_ATL03_20210618081217_13061105_006_01-265.log:	   Disk (KB)            : 1245928     8388608   8389632 
logs/job_GrIS_2021_2200_CW-15301129_ATL03_20210620194444_13441103_006_01-251.log:	   Disk (KB)            : 2271420     8388608   8389632 
logs/job_GrIS_2021_2200_CW-15301129_ATL03_20210621082937_13521105_006_01-262.log:	   Disk (KB)            : 1686370     8388608   8389632 
logs/job_GrIS_2021_2200_CW-15301129_ATL03_20210621191905_13591103_006_01-254.log:	   Disk (KB)            : 1267503     8388608   8389632 
logs/job_GrIS_2021_2200_CW-15301129_ATL03_20210622080358_13671105_006_01-267.log:	   Disk (KB)            : 1303072     8388608   8389632 
logs/job_GrIS_2021_2200_CW-15301129_ATL03_20210624193624_00181203_006_01-256.log:	   Disk (KB)            : 1305887     8388608   8389632 
logs/job_GrIS_2021_2200_CW-15301129_ATL03_20210625082118_00261205_006_01-268.log:	   Disk (KB)            : 1465583     8388608   8389632 
logs/job_GrIS_2021_2200_CW-15301129_ATL03_20210625191045_00331203_006_01-258.log:	   Disk (KB)            : 1270416     8388608   8389632 
logs/job_GrIS_2021_2200_CW-15301129_ATL03_20210626075538_00411205_006_01-266.log:	   Disk (KB)            : 1295566     8388608   8389632 
logs/job_GrIS_2021_2200_CW-15301129_ATL03_20210629081258_00871205_006_01-271.log:	   Disk (KB)            : 1094584     8388608   8391034 
logs/job_GrIS_2021_2200_CW-15301129_ATL03_20210629190226_00941203_006_01-257.log:	   Disk (KB)            : 1485226     8388608   8389632 
logs/job_GrIS_2021_2200_CW-15301129_ATL03_20210630074719_01021205_006_01-270.log:	   Disk (KB)            : 1208842     8388608   8391320 
logs/job_GrIS_2021_2200_CW-15301129_ATL03_20210703185406_01551203_006_01-272.log:	   Disk (KB)            : 1581609     8388608   8391349 
logs/job_GrIS_2021_2200_CW-15301129_ATL03_20210704073859_01631205_006_01-282.log:	   Disk (KB)            : 99857     8388608   8389632 
logs/job_GrIS_2021_2200_CW-15301129_ATL03_20210704073859_01631205_006_01-282.log:	   Disk (KB)            : 1238176     8388608   8389632 
logs/job_GrIS_2021_2200_CW-15301129_ATL03_20210707184545_02161203_006_01-273.log:	   Disk (KB)            : 1852638     8388608   8397570 
logs/job_GrIS_2021_2200_CW-15301129_ATL03_20210708073039_02241205_006_01-283.log:	   Disk (KB)            :      597  8388608   8929012 
logs/job_GrIS_2021_2200_CW-15301129_ATL03_20210708073039_02241205_006_01-283.log:	   Disk (KB)            : 1297336     8388608   8389632 
logs/job_GrIS_2021_2200_CW-15301129_ATL03_20210711183727_02771203_006_01-274.log:	   Disk (KB)            : 1934003     8388608   8389632 
logs/job_GrIS_2021_2200_CW-15301129_ATL03_20210712072220_02851205_006_01-285.log:	   Disk (KB)            : 2019569     8388608   8389632 
logs/job_GrIS_2021_2200_CW-15301129_ATL03_20210715182907_03381203_006_01-276.log:	   Disk (KB)            : 2877900     8388608   8389632 
logs/job_GrIS_2021_2200_CW-15301129_ATL03_20210716071401_03461205_006_01-288.log:	   Disk (KB)            : 1487115     8388608   8457919 
logs/job_GrIS_2021_2200_CW-15301129_ATL03_20210717064822_03611205_006_01-287.log:	   Disk (KB)            : 1202258     8388608   8453157 
logs/job_GrIS_2021_2200_CW-15301129_ATL03_20210719182049_03991203_006_01-275.log:	   Disk (KB)            : 84678     8388608   8389632 
logs/job_GrIS_2021_2200_CW-15301129_ATL03_20210719182049_03991203_006_01-275.log:	   Disk (KB)            : 737893     8388608   8389632 
logs/job_GrIS_2021_2200_CW-15301129_ATL03_20210720070542_04071205_006_01-286.log:	   Disk (KB)            : 1384121     8388608   8417320 
logs/job_GrIS_2021_2200_CW-15301129_ATL03_20210720175509_04141203_006_01-278.log:	   Disk (KB)            : 88497     8388608   8389632 
logs/job_GrIS_2021_2200_CW-15301129_ATL03_20210720175509_04141203_006_01-278.log:	   Disk (KB)            : 97349     8388608   8389632 
logs/job_GrIS_2021_2200_CW-15301129_ATL03_20210720175509_04141203_006_01-278.log:	   Disk (KB)            : 1094586     8388608   8391319 
logs/job_GrIS_2021_2200_CW-15301129_ATL03_20210721064002_04221205_006_01-284.log:	   Disk (KB)            : 1137184     8388608   8389632 
logs/job_GrIS_2021_2200_CW-15301129_ATL03_20210723181229_04601203_006_01-279.log:	   Disk (KB)            : 93920     8388608   8389632 
logs/job_GrIS_2021_2200_CW-15301129_ATL03_20210723181229_04601203_006_01-279.log:	   Disk (KB)            : 70180     8388608   8389632 
logs/job_GrIS_2021_2200_CW-15301129_ATL03_20210723181229_04601203_006_01-279.log:	   Disk (KB)            : 65110     8388608   8389632 
logs/job_GrIS_2021_2200_CW-15301129_ATL03_20210723181229_04601203_006_01-279.log:	   Disk (KB)            : 1925334     8388608   8389632 
logs/job_GrIS_2021_2200_CW-15301129_ATL03_20210724065722_04681205_006_01-290.log:	   Disk (KB)            : 1284615     8388608   8389632 
logs/job_GrIS_2021_2200_CW-15301129_ATL03_20210724174650_04751203_006_01-277.log:	   Disk (KB)            : 1437060     8388608   8929155 
logs/job_GrIS_2021_2200_CW-15301129_ATL03_20210725063143_04831205_006_01-291.log:	   Disk (KB)            : 1194506     8388608   8389632 
logs/job_GrIS_2021_2200_CW-15301129_ATL03_20210727180410_05211203_006_01-280.log:	   Disk (KB)            : 86031     8388608   8389632 
logs/job_GrIS_2021_2200_CW-15301129_ATL03_20210727180410_05211203_006_01-280.log:	   Disk (KB)            : 90658     8388608   8389632 
logs/job_GrIS_2021_2200_CW-15301129_ATL03_20210727180410_05211203_006_01-280.log:	   Disk (KB)            :  1094587  8388608   8389632 
logs/job_GrIS_2021_2200_CW-15301129_ATL03_20210728064903_05291205_006_01-292.log:	   Disk (KB)            : 1096225     8388608   8397550 
logs/job_GrIS_2021_2200_CW-15301129_ATL03_20210729062325_05441205_006_01-289.log:	   Disk (KB)            : 1172329     8388608   8443542 
logs/job_GrIS_2021_2200_CW-15301129_ATL03_20210801173011_05971203_006_01-293.log:	   Disk (KB)            : 1757364     8388608   8397439 
logs/job_GrIS_2021_2200_CW-15301129_ATL03_20210802061504_06051205_006_01-303.log:	   Disk (KB)            : 88001     8388608   8389632 
logs/job_GrIS_2021_2200_CW-15301129_ATL03_20210802061504_06051205_006_01-303.log:	   Disk (KB)            : 48594     8388608   8389632 
logs/job_GrIS_2021_2200_CW-15301129_ATL03_20210802061504_06051205_006_01-303.log:	   Disk (KB)            : 1382358     8388608   8389632 
logs/job_GrIS_2021_2200_CW-15301129_ATL03_20210805172149_06581203_006_01-295.log:	   Disk (KB)            : 2330939     8388608   8397008 
logs/job_GrIS_2021_2200_CW-15301129_ATL03_20210806060645_06661205_006_01-306.log:	   Disk (KB)            : 1128674     8388608   8389632 
logs/job_GrIS_2021_2200_CW-15301129_ATL03_20210809171331_07191203_006_01-294.log:	   Disk (KB)            : 2073079     8388608   8389632 
logs/job_GrIS_2021_2200_CW-15301129_ATL03_20210810055826_07271205_006_01-307.log:	   Disk (KB)            : 1252693     8388608   8389632 
logs/job_GrIS_2021_2200_CW-15301129_ATL03_20210813170514_07801203_006_01-296.log:	   Disk (KB)            : 2658829     8388608   8389632 
logs/job_GrIS_2021_2200_CW-15301129_ATL03_20210814055007_07881205_006_01-305.log:	   Disk (KB)            :      248  8388608   8929012 
logs/job_GrIS_2021_2200_CW-15301129_ATL03_20210814055007_07881205_006_01-305.log:	   Disk (KB)            :      251  8388608   8929012 
logs/job_GrIS_2021_2200_CW-15301129_ATL03_20210814055007_07881205_006_01-305.log:	   Disk (KB)            : 1094594     8388608   8389632 
logs/job_GrIS_2021_2200_CW-15301129_ATL03_20210815052428_08031205_006_01-304.log:	   Disk (KB)            :      597  8388608   8929012 
logs/job_GrIS_2021_2200_CW-15301129_ATL03_20210815052428_08031205_006_01-304.log:	   Disk (KB)            :  1094503  8388608   8389632 
logs/job_GrIS_2021_2200_CW-15301129_ATL03_20210817165655_08411203_006_01-297.log:	   Disk (KB)            : 2962156     8388608   8389632 
logs/job_GrIS_2021_2200_CW-15301129_ATL03_20210818054149_08491205_006_01-310.log:	   Disk (KB)            : 1178090     8388608   8389632 
logs/job_GrIS_2021_2200_CW-15301129_ATL03_20210819051609_08641205_006_01-315.log:	   Disk (KB)            : 74921     8388608   8389632 
logs/job_GrIS_2021_2200_CW-15301129_ATL03_20210819051609_08641205_006_01-315.log:	   Disk (KB)            :  1094592  8388608   8389632 
logs/job_GrIS_2021_2200_CW-15301129_ATL03_20210821164835_09021203_006_01-299.log:	   Disk (KB)            : 1562975     8388608   8389632 
logs/job_GrIS_2021_2200_CW-15301129_ATL03_20210822053329_09101205_006_01-312.log:	   Disk (KB)            : 1094589     8388608   8389632 
logs/job_GrIS_2021_2200_CW-15301129_ATL03_20210822162256_09171203_006_01-298.log:	   Disk (KB)            : 1214148     8388608   8389632 
logs/job_GrIS_2021_2200_CW-15301129_ATL03_20210823050750_09251205_006_01-309.log:	   Disk (KB)            : 1221633     8388608   8389632 
logs/job_GrIS_2021_2200_CW-15301129_ATL03_20210825164016_09631203_006_01-301.log:	   Disk (KB)            : 96288     8388608   8389632 
logs/job_GrIS_2021_2200_CW-15301129_ATL03_20210825164016_09631203_006_01-301.log:	   Disk (KB)            : 655999     8388608   8389632 
logs/job_GrIS_2021_2200_CW-15301129_ATL03_20210825164016_09631203_006_01-301.log:	   Disk (KB)            : 1200690     8388608   8391034 
logs/job_GrIS_2021_2200_CW-15301129_ATL03_20210826052509_09711205_006_01-311.log:	   Disk (KB)            :  1094592  8388608   8389632 
logs/job_GrIS_2021_2200_CW-15301129_ATL03_20210826161437_09781203_006_01-300.log:	   Disk (KB)            : 1278250     8388608   8397008 
logs/job_GrIS_2021_2200_CW-15301129_ATL03_20210827045931_09861205_006_01-314.log:	   Disk (KB)            : 40930     8388608   8389632 
logs/job_GrIS_2021_2200_CW-15301129_ATL03_20210827045931_09861205_006_01-314.log:	   Disk (KB)            : 1126037     8388608   8391193 
logs/job_GrIS_2021_2200_CW-15301129_ATL03_20210830051649_10321205_006_01-308.log:	   Disk (KB)            :  1094585  8388608   8389632 
logs/job_GrIS_2021_2200_CW-15301129_ATL03_20210830160617_10391203_006_01-302.log:	   Disk (KB)            : 1430797     8388608   8397008 
logs/job_GrIS_2021_2200_CW-15301129_ATL03_20210831045110_10471205_006_01-313.log:	   Disk (KB)            : 1470321     8388608   8397439 
logs/job_GrIS_2021_2200_CW-15301129_ATL03_20210903155757_11001203_006_02-215.log:	   Disk (KB)            : 1553789     8388608   8389632 
logs/job_GrIS_2021_2200_CW-15301129_ATL03_20210904044251_11081205_006_02-212.log:	   Disk (KB)            : 1094501     8388608   8389632 
logs/job_GrIS_2021_2200_CW-15301129_ATL03_20210907154939_11611203_006_02-226.log:	   Disk (KB)            : 1739370     8388608   8389632 
logs/job_GrIS_2021_2200_CW-15301129_ATL03_20210908043433_11691205_006_02-219.log:	   Disk (KB)            :  1095623  8388608   8389632 
logs/job_GrIS_2021_2200_CW-15301129_ATL03_20210912042613_12301205_006_02-213.log:	   Disk (KB)            :  1094500  8388608   8389632 
logs/job_GrIS_2021_2200_CW-15301129_ATL03_20210913040033_12451205_006_02-224.log:	   Disk (KB)            : 124241     8388608   8389632 
logs/job_GrIS_2021_2200_CW-15301129_ATL03_20210913040033_12451205_006_02-224.log:	   Disk (KB)            : 58101     8388608   8389632 
logs/job_GrIS_2021_2200_CW-15301129_ATL03_20210913040033_12451205_006_02-224.log:	   Disk (KB)            : 49286     8388608   8389632 
logs/job_GrIS_2021_2200_CW-15301129_ATL03_20210913040033_12451205_006_02-224.log:	   Disk (KB)            :  1094591  8388608   8389632 
logs/job_GrIS_2021_2200_CW-15301129_ATL03_20210915153300_12831203_006_02-223.log:	   Disk (KB)            : 308030     8388608   8389632 
logs/job_GrIS_2021_2200_CW-15301129_ATL03_20210915153300_12831203_006_02-223.log:	   Disk (KB)            : 50290     8388608   8389632 
logs/job_GrIS_2021_2200_CW-15301129_ATL03_20210915153300_12831203_006_02-223.log:	   Disk (KB)            : 2991767     8388608   8389632 
logs/job_GrIS_2021_2200_CW-15301129_ATL03_20210916041753_12911205_006_02-218.log:	   Disk (KB)            :  1094592  8388608   8389632 
logs/job_GrIS_2021_2200_CW-15301129_ATL03_20210917035214_13061205_006_02-216.log:	   Disk (KB)            : 1254159     8388608   8389632 
logs/job_GrIS_2021_2200_CW-15301129_ATL03_20210919152440_13441203_006_02-217.log:	   Disk (KB)            : 2380441     8388608   8389632 
logs/job_GrIS_2021_2200_CW-15301129_ATL03_20210920040934_13521205_006_02-225.log:	   Disk (KB)            : 1150543     8388608   8397570 
logs/job_GrIS_2021_2200_CW-15301129_ATL03_20210920145901_13591203_006_02-220.log:	   Disk (KB)            : 1188717     8388608   8391325 
logs/job_GrIS_2021_2200_CW-15301129_ATL03_20210921034355_13671205_006_02-210.log:	   Disk (KB)            :  1094501  8388608   8389632 
logs/job_GrIS_2021_2200_CW-15301129_ATL03_20210923151621_00181303_006_02-211.log:	   Disk (KB)            : 1266497     8388608   8389632 
logs/job_GrIS_2021_2200_CW-15301129_ATL03_20210924040116_00261305_006_02-209.log:	   Disk (KB)            :  1095249  8388608   8389632 
logs/job_GrIS_2021_2200_CW-15301129_ATL03_20210924145043_00331303_006_02-221.log:	   Disk (KB)            : 1509454     8388608   8397243 
logs/job_GrIS_2021_2200_CW-15301129_ATL03_20210925033536_00411305_006_02-208.log:	   Disk (KB)            :  1094496  8388608   8397570 
logs/job_GrIS_2021_2200_CW-15301129_ATL03_20210928035256_00871305_006_02-214.log:	   Disk (KB)            :  1094492  8388608   8389632 
logs/job_GrIS_2021_2200_CW-15301129_ATL03_20210928144223_00941303_006_02-227.log:	   Disk (KB)            : 1637141     8388608   8389632 
logs/job_GrIS_2021_2200_CW-15301129_ATL03_20210929032716_01021305_006_02-222.log:	   Disk (KB)            : 1246447     8388608   8389632 
logs/job_GrIS_2022_2200_CW-15301129_ATL03_20220501042951_05971503_006_01-346.log:	   Disk (KB)            :      102  8388608   8929012 
logs/job_GrIS_2022_2200_CW-15301129_ATL03_20220501042951_05971503_006_01-346.log:	   Disk (KB)            : 1314537     8388608   8996166 
logs/job_GrIS_2022_2200_CW-15301129_ATL03_20220501171445_06051505_006_01-350.log:	   Disk (KB)            : 1875378     8388608   8389632 
logs/job_GrIS_2022_2200_CW-15301129_ATL03_20220505042131_06581503_006_01-344.log:	   Disk (KB)            : 1328147     8388608   8389632 
logs/job_GrIS_2022_2200_CW-15301129_ATL03_20220505170624_06661505_006_01-349.log:	   Disk (KB)            :      597  8388608   8929012 
logs/job_GrIS_2022_2200_CW-15301129_ATL03_20220505170624_06661505_006_01-349.log:	   Disk (KB)            : 1907454     8388608   8389632 
logs/job_GrIS_2022_2200_CW-15301129_ATL03_20220509041310_07191503_006_01-345.log:	   Disk (KB)            :      597  8388608   8929012 
logs/job_GrIS_2022_2200_CW-15301129_ATL03_20220509041310_07191503_006_01-345.log:	   Disk (KB)            : 1360294     8388608   8389632 
logs/job_GrIS_2022_2200_CW-15301129_ATL03_20220513040457_07801503_006_01-343.log:	   Disk (KB)            : 1230095     8388608   8389632 
logs/job_GrIS_2022_2200_CW-15301129_ATL03_20220513164949_07881505_006_01-353.log:	   Disk (KB)            : 64161     8388608   8389632 
logs/job_GrIS_2022_2200_CW-15301129_ATL03_20220513164949_07881505_006_01-353.log:	   Disk (KB)            : 674405     8388608   8389632 
logs/job_GrIS_2022_2200_CW-15301129_ATL03_20220517035636_08411503_006_01-342.log:	   Disk (KB)            :      249  8388608   8929012 
logs/job_GrIS_2022_2200_CW-15301129_ATL03_20220517035636_08411503_006_01-342.log:	   Disk (KB)            : 1566503     8388608   8389632 
logs/job_GrIS_2022_2200_CW-15301129_ATL03_20220517164128_08491505_006_01-351.log:	   Disk (KB)            : 2669543     8388608   8389632 
logs/job_GrIS_2022_2200_CW-15301129_ATL03_20220518161550_08641505_006_01-354.log:	   Disk (KB)            : 1294943     8388608   8929139 
logs/job_GrIS_2022_2200_CW-15301129_ATL03_20220521034812_09021503_006_01-347.log:	   Disk (KB)            : 1094498     8388608   8389632 
logs/job_GrIS_2022_2200_CW-15301129_ATL03_20220521163305_09101505_006_01-356.log:	   Disk (KB)            : 2125820     8388608   8929155 
logs/job_GrIS_2022_2200_CW-15301129_ATL03_20220522032233_09171503_006_01-340.log:	   Disk (KB)            :  1094589  8388608   8389632 
logs/job_GrIS_2022_2200_CW-15301129_ATL03_20220522160725_09251505_006_01-355.log:	   Disk (KB)            : 1654057     8388608   8929124 
logs/job_GrIS_2022_2200_CW-15301129_ATL03_20220525033953_09631503_006_01-339.log:	   Disk (KB)            :  1094498  8388608   8397570 
logs/job_GrIS_2022_2200_CW-15301129_ATL03_20220525162447_09711505_006_01-358.log:	   Disk (KB)            : 46558     8388608   8389632 
logs/job_GrIS_2022_2200_CW-15301129_ATL03_20220525162447_09711505_006_01-358.log:	   Disk (KB)            : 629350     8388608   8389632 
logs/job_GrIS_2022_2200_CW-15301129_ATL03_20220525162447_09711505_006_01-358.log:	   Disk (KB)            : 1465399     8388608   8929139 
logs/job_GrIS_2022_2200_CW-15301129_ATL03_20220526031414_09781503_006_01-341.log:	   Disk (KB)            : 1421270     8388608   8389632 
logs/job_GrIS_2022_2200_CW-15301129_ATL03_20220526155907_09861505_006_01-360.log:	   Disk (KB)            : 1598420     8388608   8389632 
logs/job_GrIS_2022_2200_CW-15301129_ATL03_20220529161633_10321505_006_01-357.log:	   Disk (KB)            : 60496     8388608   8389632 
logs/job_GrIS_2022_2200_CW-15301129_ATL03_20220529161633_10321505_006_01-357.log:	   Disk (KB)            : 619111     8388608   8397243 
logs/job_GrIS_2022_2200_CW-15301129_ATL03_20220529161633_10321505_006_01-357.log:	   Disk (KB)            : 38918     8388608   8389632 
logs/job_GrIS_2022_2200_CW-15301129_ATL03_20220529161633_10321505_006_01-357.log:	   Disk (KB)            : 1094588     8388608   8391034 
logs/job_GrIS_2022_2200_CW-15301129_ATL03_20220530030601_10391503_006_01-348.log:	   Disk (KB)            : 1304642     8388608   8389632 
logs/job_GrIS_2022_2200_CW-15301129_ATL03_20220530155054_10471505_006_01-359.log:	   Disk (KB)            : 1559585     8388608   8389632 
logs/job_GrIS_2022_2200_CW-15301129_ATL03_20220603025742_11001503_006_01-361.log:	   Disk (KB)            : 1316557     8388608   8389632 
logs/job_GrIS_2022_2200_CW-15301129_ATL03_20220603154233_11081505_006_01-370.log:	   Disk (KB)            : 1932744     8388608   8389632 
logs/job_GrIS_2022_2200_CW-15301129_ATL03_20220607024921_11611503_006_01-362.log:	   Disk (KB)            : 1661830     8388608   8389632 
logs/job_GrIS_2022_2200_CW-15301129_ATL03_20220607153415_11691505_006_01-372.log:	   Disk (KB)            : 2572365     8388608   8389632 
logs/job_GrIS_2022_2200_CW-15301129_ATL03_20220611024058_12221503_006_01-363.log:	   Disk (KB)            : 1203421     8388608   8397008 
logs/job_GrIS_2022_2200_CW-15301129_ATL03_20220611152552_12301505_006_01-371.log:	   Disk (KB)            : 2980115     8388608   8389632 
logs/job_GrIS_2022_2200_CW-15301129_ATL03_20220612150013_12451505_006_01-374.log:	   Disk (KB)            :  1094491  8388608   8389632 
logs/job_GrIS_2022_2200_CW-15301129_ATL03_20220615023239_12831503_006_01-364.log:	   Disk (KB)            : 1663853     8388608   8397243 
logs/job_GrIS_2022_2200_CW-15301129_ATL03_20220615151733_12911505_006_01-376.log:	   Disk (KB)            : 2693951     8388608   8389632 
logs/job_GrIS_2022_2200_CW-15301129_ATL03_20220616145156_13061505_006_01-373.log:	   Disk (KB)            : 1453203     8388608   8389632 
logs/job_GrIS_2022_2200_CW-15301129_ATL03_20220619022422_13441503_006_01-365.log:	   Disk (KB)            : 1269656     8388608   8397550 
logs/job_GrIS_2022_2200_CW-15301129_ATL03_20220619150916_13521505_006_01-377.log:	   Disk (KB)            : 2261544     8388608   8389632 
logs/job_GrIS_2022_2200_CW-15301129_ATL03_20220620015846_13591503_006_01-366.log:	   Disk (KB)            : 1158838     8388608   8397570 
logs/job_GrIS_2022_2200_CW-15301129_ATL03_20220620144339_13671505_006_01-375.log:	   Disk (KB)            : 1390115     8388608   8389632 
logs/job_GrIS_2022_2200_CW-15301129_ATL03_20220623021609_00181603_006_01-367.log:	   Disk (KB)            : 1094496     8388608   8397380 
logs/job_GrIS_2022_2200_CW-15301129_ATL03_20220623150103_00261605_006_01-378.log:	   Disk (KB)            : 1787608     8388608   8397550 
logs/job_GrIS_2022_2200_CW-15301129_ATL03_20220624015027_00331603_006_01-368.log:	   Disk (KB)            : 1094495     8388608   8389632 
logs/job_GrIS_2022_2200_CW-15301129_ATL03_20220624143518_00411605_006_01-379.log:	   Disk (KB)            : 1471016     8388608   8389632 
logs/job_GrIS_2022_2200_CW-15301129_ATL03_20220627145237_00871605_006_01-381.log:	   Disk (KB)            : 1094493     8388608   8389632 
logs/job_GrIS_2022_2200_CW-15301129_ATL03_20220628014206_00941603_006_01-369.log:	   Disk (KB)            : 1198203     8388608   8389632 
logs/job_GrIS_2022_2200_CW-15301129_ATL03_20220628142659_01021605_006_01-380.log:	   Disk (KB)            : 1576084     8388608   8389632 
logs/job_GrIS_2022_2200_CW-15301129_ATL03_20220702013345_01551603_006_02-316.log:	   Disk (KB)            : 1258617     8388608   8391263 
logs/job_GrIS_2022_2200_CW-15301129_ATL03_20220702141839_01631605_006_02-337.log:	   Disk (KB)            :      248  8388608   8929012 
logs/job_GrIS_2022_2200_CW-15301129_ATL03_20220702141839_01631605_006_02-337.log:	   Disk (KB)            : 1917168     8388608   8397008 
logs/job_GrIS_2022_2200_CW-15301129_ATL03_20220706012528_02161603_006_02-317.log:	   Disk (KB)            : 1564272     8388608   8389946 
logs/job_GrIS_2022_2200_CW-15301129_ATL03_20220706141022_02241605_006_02-336.log:	   Disk (KB)            : 2364434     8388608   8389632 
logs/job_GrIS_2022_2200_CW-15301129_ATL03_20220710011708_02771603_006_02-322.log:	   Disk (KB)            : 1433688     8388608   8389632 
logs/job_GrIS_2022_2200_CW-15301129_ATL03_20220710140201_02851605_006_02-326.log:	   Disk (KB)            : 2794690     8388608   8397380 
logs/job_GrIS_2022_2200_CW-15301129_ATL03_20220714010847_03381603_006_02-321.log:	   Disk (KB)            : 1532426     8388608   8389632 
logs/job_GrIS_2022_2200_CW-15301129_ATL03_20220714135341_03461605_006_02-330.log:	   Disk (KB)            : 2721572     8388608   8389632 
logs/job_GrIS_2022_2200_CW-15301129_ATL03_20220715132801_03611605_006_02-327.log:	   Disk (KB)            : 1241353     8388608   8397439 
logs/job_GrIS_2022_2200_CW-15301129_ATL03_20220718010029_03991603_006_02-318.log:	   Disk (KB)            :       74  8388608   8929012 
logs/job_GrIS_2022_2200_CW-15301129_ATL03_20220718010029_03991603_006_02-318.log:	   Disk (KB)            : 1488893     8388608   8389632 
logs/job_GrIS_2022_2200_CW-15301129_ATL03_20220718134522_04071605_006_02-335.log:	   Disk (KB)            : 2344449     8388608   8389632 
logs/job_GrIS_2022_2200_CW-15301129_ATL03_20220719003450_04141603_006_02-323.log:	   Disk (KB)            :  1094488  8388608   8397008 
logs/job_GrIS_2022_2200_CW-15301129_ATL03_20220719131943_04221605_006_02-331.log:	   Disk (KB)            : 1308064     8388608   8397243 
logs/job_GrIS_2022_2200_CW-15301129_ATL03_20220722005209_04601603_006_02-329.log:	   Disk (KB)            : 1181687     8388608   8397243 
logs/job_GrIS_2022_2200_CW-15301129_ATL03_20220722133704_04681605_006_02-334.log:	   Disk (KB)            : 74321     8388608   8389632 
logs/job_GrIS_2022_2200_CW-15301129_ATL03_20220722133704_04681605_006_02-334.log:	   Disk (KB)            : 2084624     8388608   8389632 
logs/job_GrIS_2022_2200_CW-15301129_ATL03_20220723002631_04751603_006_02-320.log:	   Disk (KB)            :  1095059  8388608   8389632 
logs/job_GrIS_2022_2200_CW-15301129_ATL03_20220723131125_04831605_006_02-338.log:	   Disk (KB)            : 1409962     8388608   8389632 
logs/job_GrIS_2022_2200_CW-15301129_ATL03_20220726004352_05211603_006_02-324.log:	   Disk (KB)            :  1094492  8388608   8389632 
logs/job_GrIS_2022_2200_CW-15301129_ATL03_20220726132845_05291605_006_02-332.log:	   Disk (KB)            : 1332427     8388608   8397243 
logs/job_GrIS_2022_2200_CW-15301129_ATL03_20220727001811_05361603_006_02-328.log:	   Disk (KB)            : 1118094     8388608   9329425 
logs/job_GrIS_2022_2200_CW-15301129_ATL03_20220727130304_05441605_006_02-325.log:	   Disk (KB)            : 1370818     8388608   8389632 
logs/job_GrIS_2022_2200_CW-15301129_ATL03_20220731000952_05971603_006_02-333.log:	   Disk (KB)            : 1143558     8388608   8397243 
logs/job_GrIS_2022_2200_CW-15301129_ATL03_20220731125445_06051605_006_02-319.log:	   Disk (KB)            :    69087  8388608   8389632 
logs/job_GrIS_2022_2200_CW-15301129_ATL03_20220731125445_06051605_006_02-319.log:	   Disk (KB)            : 84293     8388608   8389632 
logs/job_GrIS_2022_2200_CW-15301129_ATL03_20220731125445_06051605_006_02-319.log:	   Disk (KB)            : 1599581     8388608   8389632 
logs/job_GrIS_2022_2200_CW-15301129_ATL03_20220804000134_06581603_006_01-382.log:	   Disk (KB)            : 1382104     8388608   8389632 
logs/job_GrIS_2022_2200_CW-15301129_ATL03_20220804124627_06661605_006_01-393.log:	   Disk (KB)            : 1730891     8388608   8391443 
logs/job_GrIS_2022_2200_CW-15301129_ATL03_20220807235315_07191603_006_01-384.log:	   Disk (KB)            : 59342     8388608   8389632 
logs/job_GrIS_2022_2200_CW-15301129_ATL03_20220807235315_07191603_006_01-384.log:	   Disk (KB)            : 1541982     8388608   8389632 
logs/job_GrIS_2022_2200_CW-15301129_ATL03_20220808123808_07271605_006_01-391.log:	   Disk (KB)            : 2828365     8388608   8389632 
logs/job_GrIS_2022_2200_CW-15301129_ATL03_20220811234454_07801603_006_01-390.log:	   Disk (KB)            : 50934     8388608   8389632 
logs/job_GrIS_2022_2200_CW-15301129_ATL03_20220811234454_07801603_006_01-390.log:	   Disk (KB)            : 1213602     8388608   8389632 
logs/job_GrIS_2022_2200_CW-15301129_ATL03_20220812122943_07881605_006_01-398.log:	   Disk (KB)            : 2667411     8388608   8397570 
logs/job_GrIS_2022_2200_CW-15301129_ATL03_20220813120402_08031605_006_01-395.log:	   Disk (KB)            : 1244488     8388608   8389698 
logs/job_GrIS_2022_2200_CW-15301129_ATL03_20220815233633_08411603_006_01-383.log:	   Disk (KB)            : 1289268     8388608   8397243 
logs/job_GrIS_2022_2200_CW-15301129_ATL03_20220816122126_08491605_006_01-396.log:	   Disk (KB)            : 1805670     8388608   8389632 
logs/job_GrIS_2022_2200_CW-15301129_ATL03_20220817115547_08641605_006_01-392.log:	   Disk (KB)            : 1206981     8388608   8389632 
logs/job_GrIS_2022_2200_CW-15301129_ATL03_20220819232813_09021603_006_01-386.log:	   Disk (KB)            : 1193047     8388608   8397570 
logs/job_GrIS_2022_2200_CW-15301129_ATL03_20220820121307_09101605_006_01-394.log:	   Disk (KB)            :      248  8388608   8929012 
logs/job_GrIS_2022_2200_CW-15301129_ATL03_20220820121307_09101605_006_01-394.log:	   Disk (KB)            : 1965189     8388608   8389632 
logs/job_GrIS_2022_2200_CW-15301129_ATL03_20220820230235_09171603_006_01-389.log:	   Disk (KB)            :  1094586  8388608   8389632 
logs/job_GrIS_2022_2200_CW-15301129_ATL03_20220821114729_09251605_006_01-400.log:	   Disk (KB)            : 1262348     8388608   8389632 
logs/job_GrIS_2022_2200_CW-15301129_ATL03_20220823231957_09631603_006_01-387.log:	   Disk (KB)            :  1094586  8388608   8389632 
logs/job_GrIS_2022_2200_CW-15301129_ATL03_20220824120450_09711605_006_01-399.log:	   Disk (KB)            : 1307441     8388608   8397243 
logs/job_GrIS_2022_2200_CW-15301129_ATL03_20220824225418_09781603_006_01-385.log:	   Disk (KB)            : 1248864     8388608   8397570 
logs/job_GrIS_2022_2200_CW-15301129_ATL03_20220825113911_09861605_006_01-401.log:	   Disk (KB)            : 1309379     8388608   8389632 
logs/job_GrIS_2022_2200_CW-15301129_ATL03_20220828115632_10321605_006_01-397.log:	   Disk (KB)            :  1094492  8388608   8389632 
logs/job_GrIS_2022_2200_CW-15301129_ATL03_20220828224559_10391603_006_01-388.log:	   Disk (KB)            : 1190767     8388608   8397570 
logs/job_GrIS_2022_2200_CW-15301129_ATL03_20220829113052_10471605_006_01-402.log:	   Disk (KB)            : 1302535     8388608   8389632 
logs/job_GrIS_2022_2200_CW-15301129_ATL03_20220901223736_11001603_006_01-403.log:	   Disk (KB)            : 1153714     8388608   8389632 
logs/job_GrIS_2022_2200_CW-15301129_ATL03_20220902112229_11081605_006_01-414.log:	   Disk (KB)            : 1326952     8388608   8389698 
logs/job_GrIS_2022_2200_CW-15301129_ATL03_20220905222918_11611603_006_01-404.log:	   Disk (KB)            :  1094495  8388608   8389632 
logs/job_GrIS_2022_2200_CW-15301129_ATL03_20220906111411_11691605_006_01-413.log:	   Disk (KB)            : 1626343     8388608   8389632 
logs/job_GrIS_2022_2200_CW-15301129_ATL03_20220909222056_12221603_006_01-408.log:	   Disk (KB)            : 1128308     8388608   8389632 
logs/job_GrIS_2022_2200_CW-15301129_ATL03_20220910110550_12301605_006_01-417.log:	   Disk (KB)            : 1781078     8388608   8389698 
logs/job_GrIS_2022_2200_CW-15301129_ATL03_20220911104011_12451605_006_01-418.log:	   Disk (KB)            :  1094583  8388608   8391034 
logs/job_GrIS_2022_2200_CW-15301129_ATL03_20220913221236_12831603_006_01-410.log:	   Disk (KB)            : 1140889     8388608   8397243 
logs/job_GrIS_2022_2200_CW-15301129_ATL03_20220914105729_12911605_006_01-416.log:	   Disk (KB)            : 1676189     8388608   8389698 
logs/job_GrIS_2022_2200_CW-15301129_ATL03_20220915103149_13061605_006_01-419.log:	   Disk (KB)            : 1141124     8388608   8389698 
logs/job_GrIS_2022_2200_CW-15301129_ATL03_20220917220416_13441603_006_01-406.log:	   Disk (KB)            : 1094590     8388608   8389632 
logs/job_GrIS_2022_2200_CW-15301129_ATL03_20220918104910_13521605_006_01-415.log:	   Disk (KB)            :      248  8388608   8929012 
logs/job_GrIS_2022_2200_CW-15301129_ATL03_20220918104910_13521605_006_01-415.log:	   Disk (KB)            : 1339141     8388608   8389632 
logs/job_GrIS_2022_2200_CW-15301129_ATL03_20220918213837_13591603_006_01-407.log:	   Disk (KB)            : 1094498     8388608   8389632 
logs/job_GrIS_2022_2200_CW-15301129_ATL03_20220919102331_13671605_006_01-423.log:	   Disk (KB)            : 1094499     8388608   8389632 
logs/job_GrIS_2022_2200_CW-15301129_ATL03_20220921215558_00181703_006_01-411.log:	   Disk (KB)            :      596  8388608   8929012 
logs/job_GrIS_2022_2200_CW-15301129_ATL03_20220921215558_00181703_006_01-411.log:	   Disk (KB)            :  1094500  8388608   8397570 
logs/job_GrIS_2022_2200_CW-15301129_ATL03_20220922104051_00261705_006_01-420.log:	   Disk (KB)            : 1212662     8388608   8929140 
logs/job_GrIS_2022_2200_CW-15301129_ATL03_20220922213018_00331703_006_01-405.log:	   Disk (KB)            :  1094497  8388608   8389632 
logs/job_GrIS_2022_2200_CW-15301129_ATL03_20220923101512_00411705_006_01-421.log:	   Disk (KB)            :  1094600  8388608   8389698 
logs/job_GrIS_2022_2200_CW-15301129_ATL03_20220926103229_00871705_006_01-422.log:	   Disk (KB)            : 1094494     8388608   8389632 
logs/job_GrIS_2022_2200_CW-15301129_ATL03_20220926212156_00941703_006_01-409.log:	   Disk (KB)            : 1094596     8388608   8389698 
logs/job_GrIS_2022_2200_CW-15301129_ATL03_20220927100650_01021705_006_01-424.log:	   Disk (KB)            :  1130687  8388608   8389632 
logs/job_GrIS_2022_2200_CW-15301129_ATL03_20220930211338_01551703_006_01-412.log:	   Disk (KB)            : 1292301     8388608   8397570 
logs/job_GrIS_2023_2200_CW-15301129_ATL03_20230503110045_06581903_006_02-425.log:	   Disk (KB)            : 1555896     8388608   8389632 
logs/job_GrIS_2023_2200_CW-15301129_ATL03_20230503234538_06661905_006_02-434.log:	   Disk (KB)            : 1094502     8388608   8397570 
logs/job_GrIS_2023_2200_CW-15301129_ATL03_20230507105227_07191903_006_02-426.log:	   Disk (KB)            : 1661714     8388608   8389632 
logs/job_GrIS_2023_2200_CW-15301129_ATL03_20230507233720_07271905_006_02-435.log:	   Disk (KB)            : 1307762     8388608   8389632 
logs/job_GrIS_2023_2200_CW-15301129_ATL03_20230511232858_07881905_006_02-436.log:	   Disk (KB)            : 1404683     8388608   8389698 
logs/job_GrIS_2023_2200_CW-15301129_ATL03_20230512230318_08031905_006_02-437.log:	   Disk (KB)            :    69103  8388608   8389632 
logs/job_GrIS_2023_2200_CW-15301129_ATL03_20230512230318_08031905_006_02-437.log:	   Disk (KB)            : 1215108     8388608   8397243 
logs/job_GrIS_2023_2200_CW-15301129_ATL03_20230515232036_08491905_006_02-439.log:	   Disk (KB)            : 1334690     8388608   8397380 
logs/job_GrIS_2023_2200_CW-15301129_ATL03_20230516225456_08641905_006_02-438.log:	   Disk (KB)            : 1094604     8388608   8389632 
logs/job_GrIS_2023_2200_CW-15301129_ATL03_20230519102721_09021903_006_02-430.log:	   Disk (KB)            : 1992845     8388608   8391495 
logs/job_GrIS_2023_2200_CW-15301129_ATL03_20230519231215_09101905_006_02-441.log:	   Disk (KB)            : 61903     8388608   8389632 
logs/job_GrIS_2023_2200_CW-15301129_ATL03_20230519231215_09101905_006_02-441.log:	   Disk (KB)            : 1470858     8388608   8389632 
logs/job_GrIS_2023_2200_CW-15301129_ATL03_20230520100142_09171903_006_02-429.log:	   Disk (KB)            : 1224490     8388608   8397243 
logs/job_GrIS_2023_2200_CW-15301129_ATL03_20230520224636_09251905_006_02-440.log:	   Disk (KB)            :  1166276  8388608   8389632 
logs/job_GrIS_2023_2200_CW-15301129_ATL03_20230523101904_09631903_006_02-431.log:	   Disk (KB)            :  1094499  8388608   8397243 
logs/job_GrIS_2023_2200_CW-15301129_ATL03_20230523230357_09711905_006_02-442.log:	   Disk (KB)            : 1235444     8388608   8389632 
logs/job_GrIS_2023_2200_CW-15301129_ATL03_20230524095324_09781903_006_02-432.log:	   Disk (KB)            : 1376011     8388608   8389632 
logs/job_GrIS_2023_2200_CW-15301129_ATL03_20230524223817_09861905_006_02-443.log:	   Disk (KB)            : 1336480     8388608   8389632 
logs/job_GrIS_2023_2200_CW-15301129_ATL03_20230527225533_10321905_006_02-444.log:	   Disk (KB)            :  1094581  8388608   8389632 
logs/job_GrIS_2023_2200_CW-15301129_ATL03_20230528094502_10391903_006_02-433.log:	   Disk (KB)            : 1463798     8388608   8389632 
logs/job_GrIS_2023_2200_CW-15301129_ATL03_20230528222955_10471905_006_02-445.log:	   Disk (KB)            : 1545692     8388608   8389654 
logs/job_GrIS_2023_2200_CW-15301129_ATL03_20230601093638_11001903_006_02-513.log:	   Disk (KB)            : 1399514     8388608   8389632 
logs/job_GrIS_2023_2200_CW-15301129_ATL03_20230601222131_11081905_006_02-524.log:	   Disk (KB)            : 1360341     8388608   8389698 
logs/job_GrIS_2023_2200_CW-15301129_ATL03_20230605092814_11611903_006_04-515.log:	   Disk (KB)            : 51857     8388608   8389632 
logs/job_GrIS_2023_2200_CW-15301129_ATL03_20230605092814_11611903_006_04-515.log:	   Disk (KB)            :    50277  8388608   8389632 
logs/job_GrIS_2023_2200_CW-15301129_ATL03_20230605092814_11611903_006_04-515.log:	   Disk (KB)            : 1623419     8388608   8389946 
logs/job_GrIS_2023_2200_CW-15301129_ATL03_20230605221307_11691905_006_04-520.log:	   Disk (KB)            : 1656187     8388608   8389632 
logs/job_GrIS_2023_2200_CW-15301129_ATL03_20230609091949_12221903_006_02-510.log:	   Disk (KB)            : 2337777     8388608   8389632 
logs/job_GrIS_2023_2200_CW-15301129_ATL03_20230610213904_12451905_006_02-529.log:	   Disk (KB)            : 47487     8388608   8389632 
logs/job_GrIS_2023_2200_CW-15301129_ATL03_20230610213904_12451905_006_02-529.log:	   Disk (KB)            : 52501     8388608   8389632 
logs/job_GrIS_2023_2200_CW-15301129_ATL03_20230610213904_12451905_006_02-529.log:	   Disk (KB)            :  1094583  8388608   8389632 
logs/job_GrIS_2023_2200_CW-15301129_ATL03_20230613091130_12831903_006_02-512.log:	   Disk (KB)            : 87889     8388608   8389632 
logs/job_GrIS_2023_2200_CW-15301129_ATL03_20230613091130_12831903_006_02-512.log:	   Disk (KB)            : 3398597     8388608   8389632 
logs/job_GrIS_2023_2200_CW-15301129_ATL03_20230613215623_12911905_006_02-530.log:	   Disk (KB)            : 58911     8388608   8389632 
logs/job_GrIS_2023_2200_CW-15301129_ATL03_20230613215623_12911905_006_02-530.log:	   Disk (KB)            : 1915275     8388608   8389632 
logs/job_GrIS_2023_2200_CW-15301129_ATL03_20230614213043_13061905_006_02-521.log:	   Disk (KB)            :  1176146  8388608   8389632 
logs/job_GrIS_2023_2200_CW-15301129_ATL03_20230617090310_13441903_006_02-514.log:	   Disk (KB)            : 93361     8388608   8389632 
logs/job_GrIS_2023_2200_CW-15301129_ATL03_20230617090310_13441903_006_02-514.log:	   Disk (KB)            : 2234419     8388608   8389632 
logs/job_GrIS_2023_2200_CW-15301129_ATL03_20230617214804_13521905_006_02-531.log:	   Disk (KB)            : 2238964     8388608   8389632 
logs/job_GrIS_2023_2200_CW-15301129_ATL03_20230618083731_13591903_006_02-511.log:	   Disk (KB)            : 1094497     8388608   8397550 
logs/job_GrIS_2023_2200_CW-15301129_ATL03_20230618212225_13671905_006_02-523.log:	   Disk (KB)            : 1277692     8388608   8464992 
logs/job_GrIS_2023_2200_CW-15301129_ATL03_20230621085450_00182003_006_02-519.log:	   Disk (KB)            : 1426543     8388608   8391034 
logs/job_GrIS_2023_2200_CW-15301129_ATL03_20230621213943_00262005_006_02-527.log:	   Disk (KB)            : 63873     8388608   8389632 
logs/job_GrIS_2023_2200_CW-15301129_ATL03_20230621213943_00262005_006_02-527.log:	   Disk (KB)            : 1618784     8388608   8389632 
logs/job_GrIS_2023_2200_CW-15301129_ATL03_20230622082910_00332003_006_02-517.log:	   Disk (KB)            :    80879  8388608   8389632 
logs/job_GrIS_2023_2200_CW-15301129_ATL03_20230622082910_00332003_006_02-517.log:	   Disk (KB)            :    55109  8388608   8389632 
logs/job_GrIS_2023_2200_CW-15301129_ATL03_20230622082910_00332003_006_02-517.log:	   Disk (KB)            :  1202696  8388608   8389632 
logs/job_GrIS_2023_2200_CW-15301129_ATL03_20230622211403_00412005_006_02-522.log:	   Disk (KB)            : 1290265     8388608   8389632 
logs/job_GrIS_2023_2200_CW-15301129_ATL03_20230625213122_00872005_006_02-526.log:	   Disk (KB)            :  1094583  8388608   8389632 
logs/job_GrIS_2023_2200_CW-15301129_ATL03_20230626082049_00942003_006_02-518.log:	   Disk (KB)            : 1440695     8388608   8389698 
logs/job_GrIS_2023_2200_CW-15301129_ATL03_20230626210542_01022005_006_02-525.log:	   Disk (KB)            : 701053     8388608   8389632 
logs/job_GrIS_2023_2200_CW-15301129_ATL03_20230630081225_01552003_006_02-516.log:	   Disk (KB)            : 62838     8388608   8389632 
logs/job_GrIS_2023_2200_CW-15301129_ATL03_20230630081225_01552003_006_02-516.log:	   Disk (KB)            : 1385302     8388608   8391467 
logs/job_GrIS_2023_2200_CW-15301129_ATL03_20230630205719_01632005_006_02-528.log:	   Disk (KB)            : 1415096     8388608   8389632 
logs/job_GrIS_2023_2200_CW-15301129_ATL03_20230704080407_02162003_006_02-447.log:	   Disk (KB)            : 1344917     8388608   8391320 
logs/job_GrIS_2023_2200_CW-15301129_ATL03_20230704204900_02242005_006_02-458.log:	   Disk (KB)            : 62229     8388608   8389632 
logs/job_GrIS_2023_2200_CW-15301129_ATL03_20230704204900_02242005_006_02-458.log:	   Disk (KB)            : 1813972     8388608   8389632 
logs/job_GrIS_2023_2200_CW-15301129_ATL03_20230708075545_02772003_006_02-448.log:	   Disk (KB)            : 1368509     8388608   8389632 
logs/job_GrIS_2023_2200_CW-15301129_ATL03_20230708204039_02852005_006_02-456.log:	   Disk (KB)            : 80079     8388608   8389632 
logs/job_GrIS_2023_2200_CW-15301129_ATL03_20230708204039_02852005_006_02-456.log:	   Disk (KB)            : 2216927     8388608   8457919 
logs/job_GrIS_2023_2200_CW-15301129_ATL03_20230712074723_03382003_006_02-446.log:	   Disk (KB)            :    57698  8388608   8389632 
logs/job_GrIS_2023_2200_CW-15301129_ATL03_20230712074723_03382003_006_02-446.log:	   Disk (KB)            :    31079  8388608   8389632 
logs/job_GrIS_2023_2200_CW-15301129_ATL03_20230712074723_03382003_006_02-446.log:	   Disk (KB)            : 2271378     8388608   8389632 
logs/job_GrIS_2023_2200_CW-15301129_ATL03_20230712203215_03462005_006_02-457.log:	   Disk (KB)            : 2125949     8388608   8389632 
logs/job_GrIS_2023_2200_CW-15301129_ATL03_20230713200635_03612005_006_02-463.log:	   Disk (KB)            : 1190892     8388608   8389632 
logs/job_GrIS_2023_2200_CW-15301129_ATL03_20230716073901_03992003_006_02-453.log:	   Disk (KB)            : 1983148     8388608   8389654 
logs/job_GrIS_2023_2200_CW-15301129_ATL03_20230716202354_04072005_006_02-461.log:	   Disk (KB)            :      248  8388608   8929012 
logs/job_GrIS_2023_2200_CW-15301129_ATL03_20230716202354_04072005_006_02-461.log:	   Disk (KB)            : 2390307     8388608   8464992 
logs/job_GrIS_2023_2200_CW-15301129_ATL03_20230717071321_04142003_006_02-454.log:	   Disk (KB)            : 82404     8388608   8389632 
logs/job_GrIS_2023_2200_CW-15301129_ATL03_20230717071321_04142003_006_02-454.log:	   Disk (KB)            :  1094588  8388608   8389632 
logs/job_GrIS_2023_2200_CW-15301129_ATL03_20230717195814_04222005_006_02-462.log:	   Disk (KB)            : 50415     8388608   8389632 
logs/job_GrIS_2023_2200_CW-15301129_ATL03_20230717195814_04222005_006_02-462.log:	   Disk (KB)            : 1230500     8388608   8389632 
logs/job_GrIS_2023_2200_CW-15301129_ATL03_20230720073037_04602003_006_02-449.log:	   Disk (KB)            : 1442896     8388608   8389632 
logs/job_GrIS_2023_2200_CW-15301129_ATL03_20230720201530_04682005_006_02-466.log:	   Disk (KB)            : 2014301     8388608   8397570 
logs/job_GrIS_2023_2200_CW-15301129_ATL03_20230721070458_04752003_006_02-451.log:	   Disk (KB)            : 48804     8388608   8389632 
logs/job_GrIS_2023_2200_CW-15301129_ATL03_20230721070458_04752003_006_02-451.log:	   Disk (KB)            : 1142859     8388608   8389632 
logs/job_GrIS_2023_2200_CW-15301129_ATL03_20230721194952_04832005_006_02-459.log:	   Disk (KB)            : 56814     8388608   8389632 
logs/job_GrIS_2023_2200_CW-15301129_ATL03_20230721194952_04832005_006_02-459.log:	   Disk (KB)            : 71106     8388608   8389632 
logs/job_GrIS_2023_2200_CW-15301129_ATL03_20230721194952_04832005_006_02-459.log:	   Disk (KB)            : 1273175     8388608   8389632 
logs/job_GrIS_2023_2200_CW-15301129_ATL03_20230724072219_05212003_006_02-455.log:	   Disk (KB)            : 54001     8388608   8389632 
logs/job_GrIS_2023_2200_CW-15301129_ATL03_20230724072219_05212003_006_02-455.log:	   Disk (KB)            : 1094495     8388608   8389632 
logs/job_GrIS_2023_2200_CW-15301129_ATL03_20230724200712_05292005_006_02-460.log:	   Disk (KB)            : 67950     8388608   8389632 
logs/job_GrIS_2023_2200_CW-15301129_ATL03_20230724200712_05292005_006_02-460.log:	   Disk (KB)            : 1282764     8388608   8389632 
logs/job_GrIS_2023_2200_CW-15301129_ATL03_20230725065640_05362003_006_02-452.log:	   Disk (KB)            : 49189     8388608   8389632 
logs/job_GrIS_2023_2200_CW-15301129_ATL03_20230725065640_05362003_006_02-452.log:	   Disk (KB)            : 1276830     8388608   8389632 
logs/job_GrIS_2023_2200_CW-15301129_ATL03_20230725194133_05442005_006_02-464.log:	   Disk (KB)            : 1432755     8388608   8516367 
logs/job_GrIS_2023_2200_CW-15301129_ATL03_20230729064819_05972003_006_02-450.log:	   Disk (KB)            :    55682  8388608   8389632 
logs/job_GrIS_2023_2200_CW-15301129_ATL03_20230729064819_05972003_006_02-450.log:	   Disk (KB)            : 1556562     8388608   8390959 
logs/job_GrIS_2023_2200_CW-15301129_ATL03_20230729193312_06052005_006_02-465.log:	   Disk (KB)            : 1461590     8388608   8409038 
logs/job_GrIS_2023_2200_CW-15301129_ATL03_20230802063958_06582003_006_02-467.log:	   Disk (KB)            : 1395127     8388608   8397550 
logs/job_GrIS_2023_2200_CW-15301129_ATL03_20230802192451_06662005_006_02-480.log:	   Disk (KB)            : 73377     8388608   8389632 
logs/job_GrIS_2023_2200_CW-15301129_ATL03_20230802192451_06662005_006_02-480.log:	   Disk (KB)            : 1602459     8388608   8389632 
logs/job_GrIS_2023_2200_CW-15301129_ATL03_20230806063138_07192003_006_02-468.log:	   Disk (KB)            : 1545553     8388608   8389632 
logs/job_GrIS_2023_2200_CW-15301129_ATL03_20230806191631_07272005_006_02-483.log:	   Disk (KB)            : 2206552     8388608   8389632 
logs/job_GrIS_2023_2200_CW-15301129_ATL03_20230810062316_07802003_006_02-469.log:	   Disk (KB)            : 1170715     8388608   8389632 
logs/job_GrIS_2023_2200_CW-15301129_ATL03_20230810190808_07882005_006_02-481.log:	   Disk (KB)            : 43263     8388608   8389632 
logs/job_GrIS_2023_2200_CW-15301129_ATL03_20230810190808_07882005_006_02-481.log:	   Disk (KB)            : 2841128     8388608   8389632 
logs/job_GrIS_2023_2200_CW-15301129_ATL03_20230811184229_08032005_006_02-479.log:	   Disk (KB)            : 50686     8388608   8389632 
logs/job_GrIS_2023_2200_CW-15301129_ATL03_20230811184229_08032005_006_02-479.log:	   Disk (KB)            : 41063     8388608   8389632 
logs/job_GrIS_2023_2200_CW-15301129_ATL03_20230811184229_08032005_006_02-479.log:	   Disk (KB)            : 1186809     8388608   8389654 
logs/job_GrIS_2023_2200_CW-15301129_ATL03_20230814061457_08412003_006_02-470.log:	   Disk (KB)            : 1272511     8388608   8389632 
logs/job_GrIS_2023_2200_CW-15301129_ATL03_20230814185950_08492005_006_02-477.log:	   Disk (KB)            : 2347314     8388608   8389632 
logs/job_GrIS_2023_2200_CW-15301129_ATL03_20230815183410_08642005_006_02-482.log:	   Disk (KB)            : 85906     8388608   8389632 
logs/job_GrIS_2023_2200_CW-15301129_ATL03_20230815183410_08642005_006_02-482.log:	   Disk (KB)            : 57255     8388608   8389632 
logs/job_GrIS_2023_2200_CW-15301129_ATL03_20230815183410_08642005_006_02-482.log:	   Disk (KB)            : 1220579     8388608   8389632 
logs/job_GrIS_2023_2200_CW-15301129_ATL03_20230818060632_09022003_006_02-472.log:	   Disk (KB)            : 53809     8388608   8389632 
logs/job_GrIS_2023_2200_CW-15301129_ATL03_20230818060632_09022003_006_02-472.log:	   Disk (KB)            : 1095363     8388608   8389632 
logs/job_GrIS_2023_2200_CW-15301129_ATL03_20230818185126_09102005_006_02-484.log:	   Disk (KB)            : 45520     8388608   8389632 
logs/job_GrIS_2023_2200_CW-15301129_ATL03_20230818185126_09102005_006_02-484.log:	   Disk (KB)            : 70309     8388608   8389632 
logs/job_GrIS_2023_2200_CW-15301129_ATL03_20230818185126_09102005_006_02-484.log:	   Disk (KB)            : 1837528     8388608   8389632 
logs/job_GrIS_2023_2200_CW-15301129_ATL03_20230819054053_09172003_006_02-474.log:	   Disk (KB)            : 57614     8388608   8389632 
logs/job_GrIS_2023_2200_CW-15301129_ATL03_20230819054053_09172003_006_02-474.log:	   Disk (KB)            :    60228  8388608   8389632 
logs/job_GrIS_2023_2200_CW-15301129_ATL03_20230819054053_09172003_006_02-474.log:	   Disk (KB)            : 1251883     8388608   8391467 
logs/job_GrIS_2023_2200_CW-15301129_ATL03_20230819182547_09252005_006_02-478.log:	   Disk (KB)            : 58784     8388608   8389632 
logs/job_GrIS_2023_2200_CW-15301129_ATL03_20230819182547_09252005_006_02-478.log:	   Disk (KB)            : 1318834     8388608   8389632 
logs/job_GrIS_2023_2200_CW-15301129_ATL03_20230822055810_09632003_006_02-471.log:	   Disk (KB)            : 52862     8388608   8389632 
logs/job_GrIS_2023_2200_CW-15301129_ATL03_20230822055810_09632003_006_02-471.log:	   Disk (KB)            :  1094592  8388608   8403105 
logs/job_GrIS_2023_2200_CW-15301129_ATL03_20230822184304_09712005_006_02-487.log:	   Disk (KB)            : 1233498     8388608   8389632 
logs/job_GrIS_2023_2200_CW-15301129_ATL03_20230823053233_09782003_006_02-473.log:	   Disk (KB)            : 90351     8388608   8389632 
logs/job_GrIS_2023_2200_CW-15301129_ATL03_20230823053233_09782003_006_02-473.log:	   Disk (KB)            : 1251703     8388608   8389632 
logs/job_GrIS_2023_2200_CW-15301129_ATL03_20230823181727_09862005_006_02-485.log:	   Disk (KB)            : 1334504     8388608   8389632 
logs/job_GrIS_2023_2200_CW-15301129_ATL03_20230826183450_10322005_006_02-486.log:	   Disk (KB)            : 53279     8388608   8389632 
logs/job_GrIS_2023_2200_CW-15301129_ATL03_20230826183450_10322005_006_02-486.log:	   Disk (KB)            :  1094585  8388608   8390959 
logs/job_GrIS_2023_2200_CW-15301129_ATL03_20230827052418_10392003_006_02-475.log:	   Disk (KB)            :    54142  8388608   8389632 
logs/job_GrIS_2023_2200_CW-15301129_ATL03_20230827052418_10392003_006_02-475.log:	   Disk (KB)            : 1094506     8388608   8389632 
logs/job_GrIS_2023_2200_CW-15301129_ATL03_20230827180911_10472005_006_02-489.log:	   Disk (KB)            : 47136     8388608   8389632 
logs/job_GrIS_2023_2200_CW-15301129_ATL03_20230827180911_10472005_006_02-489.log:	   Disk (KB)            : 1350242     8388608   8391034 
logs/job_GrIS_2023_2200_CW-15301129_ATL03_20230831051604_11002003_006_02-476.log:	   Disk (KB)            :    56321  8388608   8389632 
logs/job_GrIS_2023_2200_CW-15301129_ATL03_20230831051604_11002003_006_02-476.log:	   Disk (KB)            :  1094592  8388608   8391325 
logs/job_GrIS_2023_2200_CW-15301129_ATL03_20230831180059_11082005_006_02-488.log:	   Disk (KB)            : 1476726     8388608   8389632 
logs/job_GrIS_2023_2200_CW-15301129_ATL03_20230904050734_11612003_006_02-490.log:	   Disk (KB)            : 1094596     8388608   8389632 
logs/job_GrIS_2023_2200_CW-15301129_ATL03_20230904175227_11692005_006_02-507.log:	   Disk (KB)            : 1847084     8388608   8397243 
logs/job_GrIS_2023_2200_CW-15301129_ATL03_20230908045912_12222003_006_02-492.log:	   Disk (KB)            :  1094593  8388608   8929012 
logs/job_GrIS_2023_2200_CW-15301129_ATL03_20230908174407_12302005_006_02-499.log:	   Disk (KB)            : 67488     8388608   8389632 
logs/job_GrIS_2023_2200_CW-15301129_ATL03_20230909171832_12452005_006_02-500.log:	   Disk (KB)            : 1128417     8388608   8389632 
logs/job_GrIS_2023_2200_CW-15301129_ATL03_20230912045048_12832003_006_02-491.log:	   Disk (KB)            :  1094591  8388608   8389632 
logs/job_GrIS_2023_2200_CW-15301129_ATL03_20230912173540_12912005_006_02-505.log:	   Disk (KB)            : 1821760     8388608   8389632 
logs/job_GrIS_2023_2200_CW-15301129_ATL03_20230913171000_13062005_006_02-498.log:	   Disk (KB)            : 53696     8388608   8389632 
logs/job_GrIS_2023_2200_CW-15301129_ATL03_20230913171000_13062005_006_02-498.log:	   Disk (KB)            : 63977     8388608   8389632 
logs/job_GrIS_2023_2200_CW-15301129_ATL03_20230913171000_13062005_006_02-498.log:	   Disk (KB)            : 1175096     8388608   8389632 
logs/job_GrIS_2023_2200_CW-15301129_ATL03_20230916044232_13442003_006_02-494.log:	   Disk (KB)            : 63904     8388608   8389632 
logs/job_GrIS_2023_2200_CW-15301129_ATL03_20230916044232_13442003_006_02-494.log:	   Disk (KB)            : 1094981     8388608   8389632 
logs/job_GrIS_2023_2200_CW-15301129_ATL03_20230916172726_13522005_006_02-501.log:	   Disk (KB)            : 55984     8388608   8389632 
logs/job_GrIS_2023_2200_CW-15301129_ATL03_20230916172726_13522005_006_02-501.log:	   Disk (KB)            : 1909302     8388608   8929140 
logs/job_GrIS_2023_2200_CW-15301129_ATL03_20230917041653_13592003_006_02-496.log:	   Disk (KB)            : 110624     8388608   8389632 
logs/job_GrIS_2023_2200_CW-15301129_ATL03_20230917041653_13592003_006_02-496.log:	   Disk (KB)            : 1094498     8388608   8389632 
logs/job_GrIS_2023_2200_CW-15301129_ATL03_20230917170146_13672005_006_02-502.log:	   Disk (KB)            : 95665     8388608   8389632 
logs/job_GrIS_2023_2200_CW-15301129_ATL03_20230917170146_13672005_006_02-502.log:	   Disk (KB)            : 1367450     8388608   8391485 
logs/job_GrIS_2023_2200_CW-15301129_ATL03_20230920043412_00182103_006_02-495.log:	   Disk (KB)            :  1094565  8388608   8389632 
logs/job_GrIS_2023_2200_CW-15301129_ATL03_20230920171906_00262105_006_02-508.log:	   Disk (KB)            : 1316006     8388608   8389632 
logs/job_GrIS_2023_2200_CW-15301129_ATL03_20230921165327_00412105_006_02-503.log:	   Disk (KB)            : 55617     8388608   8389632 
logs/job_GrIS_2023_2200_CW-15301129_ATL03_20230921165327_00412105_006_02-503.log:	   Disk (KB)            : 1405628     8388608   8389632 
logs/job_GrIS_2023_2200_CW-15301129_ATL03_20230924171034_00872105_006_02-506.log:	   Disk (KB)            : 1094497     8388608   8389632 
logs/job_GrIS_2023_2200_CW-15301129_ATL03_20230925040010_00942103_006_02-493.log:	   Disk (KB)            :  1094595  8388608   8389632 
logs/job_GrIS_2023_2200_CW-15301129_ATL03_20230925164503_01022105_006_02-504.log:	   Disk (KB)            : 48545     8388608   8389632 
logs/job_GrIS_2023_2200_CW-15301129_ATL03_20230925164503_01022105_006_02-504.log:	   Disk (KB)            : 47894     8388608   8389632 
logs/job_GrIS_2023_2200_CW-15301129_ATL03_20230925164503_01022105_006_02-504.log:	   Disk (KB)            : 23416     8388608   8389632 
logs/job_GrIS_2023_2200_CW-15301129_ATL03_20230925164503_01022105_006_02-504.log:	   Disk (KB)            : 1334525     8388608   8389632 
logs/job_GrIS_2023_2200_CW-15301129_ATL03_20230929035148_01552103_006_02-497.log:	   Disk (KB)            : 1199927     8388608   8389632 
logs/job_GrIS_2023_2200_CW-15301129_ATL03_20230929163640_01632105_006_02-509.log:	   Disk (KB)            : 1280542     8388608   8389632 
